-- Generated by Craft v2.6.2961 on Mar 13, 2017, 10:16:14 AM.

--
-- Disable foreign key checks and autocommit.
--

SET FOREIGN_KEY_CHECKS = 0;
SET SQL_MODE = "NO_AUTO_VALUE_ON_ZERO";
SET AUTOCOMMIT = 0;
SET NAMES utf8;


DROP TABLE IF EXISTS `craft_amnav_navs`;


--
-- Schema for table `craft_amnav_navs`
--
CREATE TABLE `craft_amnav_navs` (
  `id` int(11) NOT NULL AUTO_INCREMENT,
  `name` varchar(255) COLLATE utf8_unicode_ci NOT NULL,
  `handle` varchar(255) COLLATE utf8_unicode_ci NOT NULL,
  `settings` text COLLATE utf8_unicode_ci,
  `dateCreated` datetime NOT NULL,
  `dateUpdated` datetime NOT NULL,
  `uid` char(36) COLLATE utf8_unicode_ci NOT NULL DEFAULT '0',
  PRIMARY KEY (`id`),
  UNIQUE KEY `craft_amnav_navs_handle_unq_idx` (`handle`)
) ENGINE=InnoDB DEFAULT CHARSET=utf8 COLLATE=utf8_unicode_ci;

DROP TABLE IF EXISTS `craft_amnav_nodes`;


--
-- Schema for table `craft_amnav_nodes`
--
CREATE TABLE `craft_amnav_nodes` (
  `id` int(11) NOT NULL AUTO_INCREMENT,
  `navId` int(10) NOT NULL,
  `parentId` int(10) DEFAULT NULL,
  `order` int(10) DEFAULT '0',
  `name` varchar(255) COLLATE utf8_unicode_ci NOT NULL,
  `url` varchar(255) COLLATE utf8_unicode_ci DEFAULT NULL,
  `listClass` varchar(255) COLLATE utf8_unicode_ci DEFAULT NULL,
  `blank` tinyint(1) unsigned NOT NULL DEFAULT '0',
  `enabled` tinyint(1) unsigned NOT NULL DEFAULT '1',
  `elementId` int(10) DEFAULT NULL,
  `elementType` varchar(255) COLLATE utf8_unicode_ci DEFAULT NULL,
  `locale` char(12) COLLATE utf8_unicode_ci DEFAULT NULL,
  `dateCreated` datetime NOT NULL,
  `dateUpdated` datetime NOT NULL,
  `uid` char(36) COLLATE utf8_unicode_ci NOT NULL DEFAULT '0',
  PRIMARY KEY (`id`),
  KEY `craft_amnav_nodes_elementId_elementType_locale_idx` (`elementId`,`elementType`,`locale`)
) ENGINE=InnoDB DEFAULT CHARSET=utf8 COLLATE=utf8_unicode_ci;

DROP TABLE IF EXISTS `craft_assetfiles`;


--
-- Schema for table `craft_assetfiles`
--
CREATE TABLE `craft_assetfiles` (
  `id` int(11) NOT NULL,
  `sourceId` int(11) DEFAULT NULL,
  `folderId` int(11) NOT NULL,
  `filename` varchar(255) COLLATE utf8_unicode_ci NOT NULL,
  `kind` varchar(50) COLLATE utf8_unicode_ci NOT NULL DEFAULT 'unknown',
  `width` int(11) unsigned DEFAULT NULL,
  `height` int(11) unsigned DEFAULT NULL,
  `size` bigint(20) unsigned DEFAULT NULL,
  `dateModified` datetime DEFAULT NULL,
  `dateCreated` datetime NOT NULL,
  `dateUpdated` datetime NOT NULL,
  `uid` char(36) COLLATE utf8_unicode_ci NOT NULL DEFAULT '0',
  PRIMARY KEY (`id`),
  UNIQUE KEY `craft_assetfiles_filename_folderId_unq_idx` (`filename`,`folderId`),
  KEY `craft_assetfiles_sourceId_fk` (`sourceId`),
  KEY `craft_assetfiles_folderId_fk` (`folderId`)
) ENGINE=InnoDB DEFAULT CHARSET=utf8 COLLATE=utf8_unicode_ci;

--
-- Data for table `craft_assetfiles`
--

INSERT INTO `craft_assetfiles` (`id`, `sourceId`, `folderId`, `filename`, `kind`, `width`, `height`, `size`, `dateModified`, `dateCreated`, `dateUpdated`, `uid`) VALUES
 ('7', '1', '1', 'red-peak-logo.png', 'image', '1500', '233', '18845', '2017-02-02 19:46:24', '2017-02-02 19:46:24', '2017-02-02 19:46:24', 'a4c2f746-4c10-4984-a40b-4488000c0b4d'),
 ('11', '1', '1', 'liz_Owens-270x270.jpg', 'image', '270', '270', '10582', '2017-02-13 19:38:51', '2017-02-13 19:38:51', '2017-02-13 19:38:51', 'aa4e3e9e-8e7f-44af-be3b-6fb5becca767'),
 ('14', '1', '1', 'INTEL_Supergraphic_ct4_v2.jpg', 'image', '2048', '1078', '244935', '2017-03-11 16:07:23', '2017-03-11 16:07:28', '2017-03-11 16:07:28', '88606ea4-e510-44c3-8df0-8fa799f4194a'),
 ('24', '1', '1', 'mountain.jpg', 'image', '800', '1144', '37817', '2017-03-13 00:42:18', '2017-03-13 00:42:26', '2017-03-13 00:42:26', '17b61abf-724a-4f4a-b768-a4be83edc14a'),
 ('25', '1', '1', 'Intel_AmazingHome_091216_v1-01_170312_204322.jpg', 'image', '1600', '2088', '88526', '2017-03-13 00:43:22', '2017-03-13 00:43:22', '2017-03-13 00:43:22', '08ac8140-af43-4881-b2b1-8b7c477ee31d');



DROP TABLE IF EXISTS `craft_assetfolders`;


--
-- Schema for table `craft_assetfolders`
--
CREATE TABLE `craft_assetfolders` (
  `id` int(11) NOT NULL AUTO_INCREMENT,
  `parentId` int(11) DEFAULT NULL,
  `sourceId` int(11) DEFAULT NULL,
  `name` varchar(255) COLLATE utf8_unicode_ci NOT NULL,
  `path` varchar(255) COLLATE utf8_unicode_ci DEFAULT NULL,
  `dateCreated` datetime NOT NULL,
  `dateUpdated` datetime NOT NULL,
  `uid` char(36) COLLATE utf8_unicode_ci NOT NULL DEFAULT '0',
  PRIMARY KEY (`id`),
  UNIQUE KEY `craft_assetfolders_name_parentId_sourceId_unq_idx` (`name`,`parentId`,`sourceId`),
  KEY `craft_assetfolders_parentId_fk` (`parentId`),
  KEY `craft_assetfolders_sourceId_fk` (`sourceId`)
) ENGINE=InnoDB AUTO_INCREMENT=3 DEFAULT CHARSET=utf8 COLLATE=utf8_unicode_ci;

--
-- Data for table `craft_assetfolders`
--

INSERT INTO `craft_assetfolders` (`id`, `parentId`, `sourceId`, `name`, `path`, `dateCreated`, `dateUpdated`, `uid`) VALUES
 ('1', NULL, '1', 'Images', '', '2017-02-01 20:40:01', '2017-02-01 20:40:01', 'f1ead609-d2bf-46e2-b90a-3a9c20e42cd6'),
 ('2', NULL, '2', 'Documents', '', '2017-02-02 19:45:10', '2017-02-02 19:45:10', '954c878a-e199-4b3a-8789-b0e8780df24a');



DROP TABLE IF EXISTS `craft_assetindexdata`;


--
-- Schema for table `craft_assetindexdata`
--
CREATE TABLE `craft_assetindexdata` (
  `id` int(11) NOT NULL AUTO_INCREMENT,
  `sessionId` varchar(36) COLLATE utf8_unicode_ci NOT NULL DEFAULT '',
  `sourceId` int(10) NOT NULL,
  `offset` int(10) NOT NULL,
  `uri` varchar(255) COLLATE utf8_unicode_ci DEFAULT NULL,
  `size` varchar(255) COLLATE utf8_unicode_ci DEFAULT NULL,
  `recordId` int(10) DEFAULT NULL,
  `dateCreated` datetime NOT NULL,
  `dateUpdated` datetime NOT NULL,
  `uid` char(36) COLLATE utf8_unicode_ci NOT NULL DEFAULT '0',
  PRIMARY KEY (`id`),
  UNIQUE KEY `craft_assetindexdata_sessionId_sourceId_offset_unq_idx` (`sessionId`,`sourceId`,`offset`),
  KEY `craft_assetindexdata_sourceId_fk` (`sourceId`)
) ENGINE=InnoDB DEFAULT CHARSET=utf8 COLLATE=utf8_unicode_ci;

DROP TABLE IF EXISTS `craft_assetsources`;


--
-- Schema for table `craft_assetsources`
--
CREATE TABLE `craft_assetsources` (
  `id` int(11) NOT NULL AUTO_INCREMENT,
  `name` varchar(255) COLLATE utf8_unicode_ci NOT NULL,
  `handle` varchar(255) COLLATE utf8_unicode_ci NOT NULL,
  `type` varchar(150) COLLATE utf8_unicode_ci NOT NULL,
  `settings` text COLLATE utf8_unicode_ci,
  `sortOrder` smallint(6) unsigned DEFAULT NULL,
  `fieldLayoutId` int(10) DEFAULT NULL,
  `dateCreated` datetime NOT NULL,
  `dateUpdated` datetime NOT NULL,
  `uid` char(36) COLLATE utf8_unicode_ci NOT NULL DEFAULT '0',
  PRIMARY KEY (`id`),
  UNIQUE KEY `craft_assetsources_name_unq_idx` (`name`),
  UNIQUE KEY `craft_assetsources_handle_unq_idx` (`handle`),
  KEY `craft_assetsources_fieldLayoutId_fk` (`fieldLayoutId`)
) ENGINE=InnoDB AUTO_INCREMENT=3 DEFAULT CHARSET=utf8 COLLATE=utf8_unicode_ci;

--
-- Data for table `craft_assetsources`
--

INSERT INTO `craft_assetsources` (`id`, `name`, `handle`, `type`, `settings`, `sortOrder`, `fieldLayoutId`, `dateCreated`, `dateUpdated`, `uid`) VALUES
 ('1', 'Images', 'images', 'Local', '{\"path\":\"\\/var\\/www\\/vhosts\\/red-peak.com\\/subdomains\\/cms\\/public-html\\/images\\/\",\"publicURLs\":\"1\",\"url\":\"http:\\/\\/cms.red-peak.com\\/images\\/\"}', '1', '97', '2017-02-01 20:40:01', '2017-03-11 16:06:33', 'c1fe6020-e6ee-4b14-bc47-be158fa95991'),
 ('2', 'Documents', 'documents', 'Local', '{\"path\":\"\\/var\\/www\\/public\\/uploads\\/documents\\/\",\"publicURLs\":\"1\",\"url\":\"http:\\/\\/craftcms-box.puphpet\\/uploads\\/documents\\/\"}', '2', '14', '2017-02-02 19:45:10', '2017-02-02 19:46:00', '512cebe8-1118-44d3-96dc-c74cfd6e8393');



DROP TABLE IF EXISTS `craft_assettransformindex`;


--
-- Schema for table `craft_assettransformindex`
--
CREATE TABLE `craft_assettransformindex` (
  `id` int(11) NOT NULL AUTO_INCREMENT,
  `fileId` int(11) NOT NULL,
  `filename` varchar(255) COLLATE utf8_unicode_ci DEFAULT NULL,
  `format` varchar(255) COLLATE utf8_unicode_ci DEFAULT NULL,
  `location` varchar(255) COLLATE utf8_unicode_ci NOT NULL,
  `sourceId` int(11) DEFAULT NULL,
  `fileExists` tinyint(1) DEFAULT NULL,
  `inProgress` tinyint(1) DEFAULT NULL,
  `dateIndexed` datetime DEFAULT NULL,
  `dateCreated` datetime NOT NULL,
  `dateUpdated` datetime NOT NULL,
  `uid` char(36) COLLATE utf8_unicode_ci NOT NULL DEFAULT '0',
  PRIMARY KEY (`id`),
  KEY `craft_assettransformindex_sourceId_fileId_location_idx` (`sourceId`,`fileId`,`location`)
) ENGINE=InnoDB DEFAULT CHARSET=utf8 COLLATE=utf8_unicode_ci;

DROP TABLE IF EXISTS `craft_assettransforms`;


--
-- Schema for table `craft_assettransforms`
--
CREATE TABLE `craft_assettransforms` (
  `id` int(11) NOT NULL AUTO_INCREMENT,
  `name` varchar(255) COLLATE utf8_unicode_ci NOT NULL,
  `handle` varchar(255) COLLATE utf8_unicode_ci NOT NULL,
  `mode` enum('stretch','fit','crop') COLLATE utf8_unicode_ci NOT NULL DEFAULT 'crop',
  `position` enum('top-left','top-center','top-right','center-left','center-center','center-right','bottom-left','bottom-center','bottom-right') COLLATE utf8_unicode_ci NOT NULL DEFAULT 'center-center',
  `height` int(10) DEFAULT NULL,
  `width` int(10) DEFAULT NULL,
  `format` varchar(255) COLLATE utf8_unicode_ci DEFAULT NULL,
  `quality` int(10) DEFAULT NULL,
  `dimensionChangeTime` datetime DEFAULT NULL,
  `dateCreated` datetime NOT NULL,
  `dateUpdated` datetime NOT NULL,
  `uid` char(36) COLLATE utf8_unicode_ci NOT NULL DEFAULT '0',
  PRIMARY KEY (`id`),
  UNIQUE KEY `craft_assettransforms_name_unq_idx` (`name`),
  UNIQUE KEY `craft_assettransforms_handle_unq_idx` (`handle`)
) ENGINE=InnoDB DEFAULT CHARSET=utf8 COLLATE=utf8_unicode_ci;

DROP TABLE IF EXISTS `craft_categories`;


--
-- Schema for table `craft_categories`
--
CREATE TABLE `craft_categories` (
  `id` int(11) NOT NULL,
  `groupId` int(11) NOT NULL,
  `dateCreated` datetime NOT NULL,
  `dateUpdated` datetime NOT NULL,
  `uid` char(36) COLLATE utf8_unicode_ci NOT NULL DEFAULT '0',
  PRIMARY KEY (`id`),
  KEY `craft_categories_groupId_fk` (`groupId`)
) ENGINE=InnoDB DEFAULT CHARSET=utf8 COLLATE=utf8_unicode_ci;

--
-- Data for table `craft_categories`
--

INSERT INTO `craft_categories` (`id`, `groupId`, `dateCreated`, `dateUpdated`, `uid`) VALUES
 ('4', '1', '2017-02-01 20:35:31', '2017-02-01 20:35:31', '1825fc5d-f8d2-41bc-8d67-d6dd665f0751'),
 ('5', '1', '2017-02-01 20:35:48', '2017-02-01 20:35:48', 'f7cdbb6a-956a-4396-b3e4-6b1cbd7224f7'),
 ('9', '2', '2017-02-13 19:24:32', '2017-02-13 19:24:32', '31394ae4-ed77-4aaa-9de6-c541664a5d92'),
 ('10', '2', '2017-02-13 19:25:01', '2017-02-13 19:25:01', 'd7fe6f2b-0d98-4fd6-9456-f4440a914c96');



DROP TABLE IF EXISTS `craft_categorygroups`;


--
-- Schema for table `craft_categorygroups`
--
CREATE TABLE `craft_categorygroups` (
  `id` int(11) NOT NULL AUTO_INCREMENT,
  `structureId` int(11) NOT NULL,
  `fieldLayoutId` int(11) DEFAULT NULL,
  `name` varchar(255) COLLATE utf8_unicode_ci NOT NULL,
  `handle` varchar(255) COLLATE utf8_unicode_ci NOT NULL,
  `hasUrls` tinyint(1) unsigned NOT NULL DEFAULT '1',
  `template` varchar(500) COLLATE utf8_unicode_ci DEFAULT NULL,
  `dateCreated` datetime NOT NULL,
  `dateUpdated` datetime NOT NULL,
  `uid` char(36) COLLATE utf8_unicode_ci NOT NULL DEFAULT '0',
  PRIMARY KEY (`id`),
  UNIQUE KEY `craft_categorygroups_name_unq_idx` (`name`),
  UNIQUE KEY `craft_categorygroups_handle_unq_idx` (`handle`),
  KEY `craft_categorygroups_structureId_fk` (`structureId`),
  KEY `craft_categorygroups_fieldLayoutId_fk` (`fieldLayoutId`)
) ENGINE=InnoDB AUTO_INCREMENT=3 DEFAULT CHARSET=utf8 COLLATE=utf8_unicode_ci;

--
-- Data for table `craft_categorygroups`
--

INSERT INTO `craft_categorygroups` (`id`, `structureId`, `fieldLayoutId`, `name`, `handle`, `hasUrls`, `template`, `dateCreated`, `dateUpdated`, `uid`) VALUES
 ('1', '1', '6', 'News Categories', 'newsCategories', '1', '', '2017-02-01 20:34:46', '2017-02-01 20:34:46', 'cbd63122-7356-4c81-8782-9956ed8c27c4'),
 ('2', '4', '76', 'Location Categories', 'locationCategories', '1', '', '2017-02-13 19:23:38', '2017-02-13 19:23:38', 'd622b21f-c717-4d99-a804-cdab51cdf118');



DROP TABLE IF EXISTS `craft_categorygroups_i18n`;


--
-- Schema for table `craft_categorygroups_i18n`
--
CREATE TABLE `craft_categorygroups_i18n` (
  `id` int(11) NOT NULL AUTO_INCREMENT,
  `groupId` int(11) NOT NULL,
  `locale` char(12) COLLATE utf8_unicode_ci NOT NULL,
  `urlFormat` text COLLATE utf8_unicode_ci,
  `nestedUrlFormat` text COLLATE utf8_unicode_ci,
  `dateCreated` datetime NOT NULL,
  `dateUpdated` datetime NOT NULL,
  `uid` char(36) COLLATE utf8_unicode_ci NOT NULL DEFAULT '0',
  PRIMARY KEY (`id`),
  UNIQUE KEY `craft_categorygroups_i18n_groupId_locale_unq_idx` (`groupId`,`locale`),
  KEY `craft_categorygroups_i18n_locale_fk` (`locale`)
) ENGINE=InnoDB AUTO_INCREMENT=3 DEFAULT CHARSET=utf8 COLLATE=utf8_unicode_ci;

--
-- Data for table `craft_categorygroups_i18n`
--

INSERT INTO `craft_categorygroups_i18n` (`id`, `groupId`, `locale`, `urlFormat`, `nestedUrlFormat`, `dateCreated`, `dateUpdated`, `uid`) VALUES
 ('1', '1', 'en_us', 'news-categories/{slug}', '{parent.uri}/{slug}', '2017-02-01 20:34:46', '2017-02-01 20:34:46', '35d4b86a-2b16-4320-9693-5d286a44c7bb'),
 ('2', '2', 'en_us', 'location-categories/{slug}', '{parent.uri}/{slug}', '2017-02-13 19:23:38', '2017-02-13 19:23:38', '48790dbf-737e-4591-86ae-9b981ebdf057');



DROP TABLE IF EXISTS `craft_content`;


--
-- Schema for table `craft_content`
--
CREATE TABLE `craft_content` (
  `id` int(11) NOT NULL AUTO_INCREMENT,
  `elementId` int(11) NOT NULL,
  `locale` char(12) COLLATE utf8_unicode_ci NOT NULL,
  `title` varchar(255) COLLATE utf8_unicode_ci DEFAULT NULL,
  `field_body` text COLLATE utf8_unicode_ci,
  `field_pullQuote` text COLLATE utf8_unicode_ci,
  `field_intro` text COLLATE utf8_unicode_ci,
  `field_mediaName` text COLLATE utf8_unicode_ci,
  `field_mediaClient` text COLLATE utf8_unicode_ci,
  `field_videoUrl` text COLLATE utf8_unicode_ci,
  `field_mediaType` varchar(255) COLLATE utf8_unicode_ci DEFAULT 'image',
  `field_textContent` text COLLATE utf8_unicode_ci,
  `field_nameField` text COLLATE utf8_unicode_ci,
  `field_imageAlt` text COLLATE utf8_unicode_ci,
  `field_seoMeta` text COLLATE utf8_unicode_ci,
  `field_firstName` text COLLATE utf8_unicode_ci,
  `field_lastName` text COLLATE utf8_unicode_ci,
  `field_role` text COLLATE utf8_unicode_ci,
  `field_textColor` varchar(255) COLLATE utf8_unicode_ci DEFAULT 'white',
  `field_colorPalette` varchar(255) COLLATE utf8_unicode_ci DEFAULT NULL,
  `dateCreated` datetime NOT NULL,
  `dateUpdated` datetime NOT NULL,
  `uid` char(36) COLLATE utf8_unicode_ci NOT NULL DEFAULT '0',
  PRIMARY KEY (`id`),
  UNIQUE KEY `craft_content_elementId_locale_unq_idx` (`elementId`,`locale`),
  KEY `craft_content_title_idx` (`title`),
  KEY `craft_content_locale_fk` (`locale`)
) ENGINE=InnoDB AUTO_INCREMENT=33 DEFAULT CHARSET=utf8 COLLATE=utf8_unicode_ci;

--
-- Data for table `craft_content`
--

INSERT INTO `craft_content` (`id`, `elementId`, `locale`, `title`, `field_body`, `field_pullQuote`, `field_intro`, `field_mediaName`, `field_mediaClient`, `field_videoUrl`, `field_mediaType`, `field_textContent`, `field_nameField`, `field_imageAlt`, `field_seoMeta`, `field_firstName`, `field_lastName`, `field_role`, `field_textColor`, `field_colorPalette`, `dateCreated`, `dateUpdated`, `uid`) VALUES
 ('1', '1', 'en_us', NULL, NULL, NULL, NULL, NULL, NULL, NULL, NULL, NULL, NULL, NULL, NULL, NULL, NULL, NULL, 'white', NULL, '2017-01-04 21:19:12', '2017-03-10 22:06:43', '588cbd91-9980-4408-8a51-bdb7d2b7300d'),
 ('2', '2', 'en_us', 'Home', '<p>It’s true, this site doesn’t have a whole lot of content yet, but don’t worry. Our web developers have just installed the CMS, and they’re setting things up for the content editors this very moment. Soon Craftcms-box.puphpet will be an oasis of fresh perspectives, sharp analyses, and astute opinions that will keep you coming back again and again.</p>', NULL, NULL, NULL, NULL, NULL, NULL, NULL, NULL, NULL, '{\"id\":null,\"enabled\":1,\"archived\":0,\"locale\":\"en_us\",\"localeEnabled\":1,\"slug\":null,\"uri\":null,\"dateCreated\":null,\"dateUpdated\":null,\"root\":null,\"lft\":null,\"rgt\":null,\"level\":null,\"searchScore\":null,\"elementId\":0,\"metaType\":\"template\",\"metaPath\":\"\",\"seoMainEntityCategory\":\"CreativeWork\",\"seoMainEntityOfPage\":\"WebPage\",\"seoTitle\":\"\",\"seoDescription\":\"\",\"seoKeywords\":\"\",\"seoImageTransform\":\"\",\"seoFacebookImageTransform\":\"\",\"seoTwitterImageTransform\":\"\",\"twitterCardType\":\"\",\"openGraphType\":\"\",\"robots\":\"\",\"seoImageId\":\"\",\"seoTwitterImageId\":\"\",\"seoFacebookImageId\":\"\",\"seoTitleUnparsed\":\"\",\"seoDescriptionUnparsed\":\"\",\"seoKeywordsUnparsed\":\"\",\"seoTitleSource\":\"custom\",\"seoTitleSourceField\":\"title\",\"seoDescriptionSource\":\"custom\",\"seoDescriptionSourceField\":\"title\",\"seoKeywordsSource\":\"custom\",\"seoKeywordsSourceField\":\"title\",\"seoImageIdSource\":\"custom\",\"seoImageIdSourceField\":\"\",\"seoTwitterImageIdSource\":\"custom\",\"seoTwitterImageIdSourceField\":\"\",\"seoFacebookImageIdSource\":\"custom\",\"seoFacebookImageIdSourceField\":\"\",\"seoCommerceVariants\":null,\"__model__\":\"Craft\\\\Seomatic_MetaFieldModel\"}', NULL, NULL, NULL, 'white', NULL, '2017-01-04 21:19:13', '2017-03-13 09:38:05', 'b745a799-336f-409c-b93f-7fc748db0b21'),
 ('4', '4', 'en_us', 'News', NULL, NULL, NULL, NULL, NULL, NULL, NULL, NULL, NULL, NULL, NULL, NULL, NULL, NULL, 'white', NULL, '2017-02-01 20:35:31', '2017-02-01 20:35:31', '8774f4d9-0f86-4c1b-972a-f91d84ea4c53'),
 ('5', '5', 'en_us', 'Article', NULL, NULL, NULL, NULL, NULL, NULL, NULL, NULL, NULL, NULL, NULL, NULL, NULL, NULL, 'white', NULL, '2017-02-01 20:35:47', '2017-02-01 20:35:47', '5ab8d3dd-d91c-4f5a-b2e8-0c8e1ee5479f'),
 ('6', '6', 'en_us', 'SIT WHEREEVER YOU WANT', '<p>This is the body text!</p>', 'What should we do?', '<p>What are you looking for?</p>\n<p><br /></p>', NULL, NULL, NULL, NULL, NULL, NULL, NULL, NULL, NULL, NULL, NULL, 'white', 'aquaMarineOnBlue', '2017-02-01 20:45:39', '2017-03-12 23:41:18', 'd19cdddd-385d-4e78-85c0-735c31ae75d9'),
 ('7', '7', 'en_us', 'Red Peak Logo', NULL, NULL, NULL, NULL, NULL, NULL, NULL, NULL, NULL, 'Read Peak Logo', NULL, NULL, NULL, NULL, 'white', NULL, '2017-02-02 19:46:24', '2017-02-09 17:34:32', '79c58a72-1303-42b9-929c-d0d20b7973c4'),
 ('8', '8', 'en_us', 'Intel', '<p>A font that works in any language on any surface — a short sentence but a tall order. Intel Clear is custom font for Intel’s integral role in the digital world.</p>', NULL, NULL, NULL, NULL, NULL, NULL, NULL, 'Intel Clear', NULL, NULL, NULL, NULL, NULL, 'white', NULL, '2017-02-08 20:44:05', '2017-03-13 09:42:31', '3b1c0770-5289-4fa6-bd1a-bad7181f853e'),
 ('9', '9', 'en_us', 'New York', NULL, NULL, NULL, NULL, NULL, NULL, 'image', NULL, NULL, NULL, NULL, NULL, NULL, NULL, 'white', NULL, '2017-02-13 19:24:31', '2017-02-13 19:24:31', 'b14bae72-6f07-4b60-9170-3d4623ec87da'),
 ('10', '10', 'en_us', 'Taipei', NULL, NULL, NULL, NULL, NULL, NULL, 'image', NULL, NULL, NULL, NULL, NULL, NULL, NULL, 'white', NULL, '2017-02-13 19:25:01', '2017-02-13 19:25:01', '98b1bb0e-584d-4e3d-aba5-6d67558eedc8'),
 ('11', '11', 'en_us', 'Liz Owens', NULL, NULL, NULL, NULL, NULL, NULL, 'image', NULL, NULL, 'Liz Owens', NULL, NULL, NULL, NULL, 'white', NULL, '2017-02-13 19:38:51', '2017-02-13 19:40:36', '45c134e2-b65f-4645-8d46-416dcebec8c7'),
 ('12', '12', 'en_us', 'Liz Owens', NULL, NULL, NULL, NULL, NULL, NULL, 'image', NULL, NULL, NULL, NULL, 'Liz', 'Owens', 'VP, Experience Design', 'white', NULL, '2017-02-13 19:39:52', '2017-02-13 19:39:52', 'fedcd758-d717-4732-90de-20749d66e81d'),
 ('14', '14', 'en_us', 'Intel  Supergraphic Ct4 V2', NULL, NULL, NULL, NULL, NULL, NULL, 'image', NULL, NULL, NULL, NULL, NULL, NULL, NULL, 'white', NULL, '2017-03-11 16:07:28', '2017-03-11 16:07:28', '29a709cf-9d55-427a-a8c0-03781559aa4f'),
 ('15', '15', 'en_us', NULL, NULL, NULL, NULL, NULL, NULL, NULL, 'image', NULL, NULL, NULL, NULL, NULL, NULL, NULL, 'white', NULL, '2017-03-11 16:08:09', '2017-03-11 16:08:09', '6ec3d4d0-0ce0-4add-b2cb-dae0589b86a2'),
 ('16', '16', 'en_us', NULL, NULL, NULL, NULL, NULL, NULL, NULL, 'image', NULL, NULL, NULL, NULL, NULL, NULL, NULL, 'white', NULL, '2017-03-11 16:08:09', '2017-03-13 09:38:05', '9c011dcb-b811-4284-8c0b-af08af5cb770'),
 ('17', '18', 'en_us', 'THE NEW DESIGN OF DESCENT', '<p>Some body here.</p>', '', '', NULL, NULL, NULL, 'image', NULL, NULL, NULL, NULL, NULL, NULL, NULL, 'white', 'lightPurpleOnDeepPurple', '2017-03-12 23:43:06', '2017-03-13 02:54:40', '463f6259-2f7c-4bd5-852d-ae225160860c'),
 ('18', '19', 'en_us', 'LOREM IPSUM DOLOR SIT AMET CONSETER...', '<p>Some body here</p>', '', '', NULL, NULL, NULL, 'image', NULL, NULL, NULL, NULL, NULL, NULL, NULL, 'white', 'orangeOnSunset', '2017-03-12 23:43:40', '2017-03-12 23:43:40', '239b99fe-3632-4caa-b4d1-e4678d08e9b3'),
 ('19', '20', 'en_us', 'LORUM IPSEM', '<p>Some body here</p>', '', '', NULL, NULL, NULL, 'image', NULL, NULL, NULL, NULL, NULL, NULL, NULL, 'white', 'redOnBrown', '2017-03-12 23:44:17', '2017-03-12 23:44:17', '755053c1-5b26-4b68-a73e-0531283c6861'),
 ('20', '21', 'en_us', NULL, NULL, NULL, NULL, NULL, NULL, NULL, 'image', NULL, NULL, NULL, NULL, NULL, NULL, NULL, 'white', NULL, '2017-03-12 23:49:45', '2017-03-12 23:49:45', '9c6a9995-bfbf-4565-89fa-fec2b3c1582f'),
 ('22', '24', 'en_us', 'Mountain', NULL, NULL, NULL, NULL, NULL, NULL, 'image', NULL, NULL, NULL, NULL, NULL, NULL, NULL, 'white', NULL, '2017-03-13 00:42:25', '2017-03-13 00:42:26', '5f46b101-8fc7-4018-8b1c-27de561adb8d'),
 ('23', '25', 'en_us', 'Intel Amazing Home 091216 V1 01', NULL, NULL, NULL, NULL, NULL, NULL, 'image', NULL, NULL, NULL, NULL, NULL, NULL, NULL, 'white', NULL, '2017-03-13 00:43:22', '2017-03-13 00:43:22', 'b44a1e5b-60db-4206-8545-208e4bd2d4c4'),
 ('24', '26', 'en_us', NULL, NULL, NULL, NULL, NULL, NULL, NULL, 'image', NULL, NULL, NULL, NULL, NULL, NULL, NULL, 'white', NULL, '2017-03-13 00:44:24', '2017-03-13 00:44:24', '5b8027e9-eac1-4dec-9aea-441f665d0270'),
 ('25', '27', 'en_us', NULL, NULL, NULL, NULL, NULL, NULL, NULL, 'image', NULL, NULL, NULL, NULL, NULL, NULL, NULL, 'white', NULL, '2017-03-13 00:44:24', '2017-03-13 00:44:24', '5a355bbf-082a-42e3-a812-be2c96e10755'),
 ('26', '29', 'en_us', NULL, NULL, NULL, NULL, NULL, NULL, NULL, 'image', NULL, NULL, NULL, NULL, NULL, NULL, NULL, 'white', NULL, '2017-03-13 00:44:24', '2017-03-13 00:50:48', '898a98ef-f697-431b-8c32-ff1ea3a88929'),
 ('27', '31', 'en_us', 'Work', NULL, NULL, NULL, NULL, NULL, NULL, 'image', NULL, NULL, NULL, NULL, NULL, NULL, NULL, 'white', NULL, '2017-03-13 09:43:11', '2017-03-13 10:11:54', '09a70038-b531-4a07-9d56-32b1ae0ceb56'),
 ('28', '32', 'en_us', NULL, NULL, NULL, NULL, NULL, NULL, NULL, 'image', NULL, NULL, NULL, NULL, NULL, NULL, NULL, 'white', NULL, '2017-03-13 09:46:25', '2017-03-13 09:46:25', 'c316fab1-c28a-4ea7-9927-0acf3374dd7f'),
 ('29', '33', 'en_us', NULL, NULL, NULL, NULL, NULL, NULL, NULL, 'image', NULL, NULL, NULL, NULL, NULL, NULL, NULL, 'white', NULL, '2017-03-13 09:46:25', '2017-03-13 09:46:25', '4555a22c-bd4e-4cc6-853f-fac563050a4a'),
 ('30', '35', 'en_us', NULL, NULL, NULL, NULL, NULL, NULL, NULL, 'image', NULL, NULL, NULL, NULL, NULL, NULL, NULL, 'white', NULL, '2017-03-13 09:46:25', '2017-03-13 09:46:25', '2ddf3966-2e38-4391-8731-a6b5cc07622d'),
 ('31', '36', 'en_us', NULL, NULL, NULL, NULL, NULL, NULL, NULL, 'image', NULL, NULL, NULL, NULL, NULL, NULL, NULL, 'white', NULL, '2017-03-13 09:46:25', '2017-03-13 09:46:25', 'cbad57b9-254a-4c0c-b107-24d976c21a40'),
 ('32', '38', 'en_us', NULL, NULL, NULL, NULL, NULL, NULL, NULL, 'image', NULL, NULL, NULL, NULL, NULL, NULL, NULL, 'white', NULL, '2017-03-13 09:46:26', '2017-03-13 09:46:26', '85f342a4-91c9-4fa9-9129-21cf9ead7107');



DROP TABLE IF EXISTS `craft_deprecationerrors`;


--
-- Schema for table `craft_deprecationerrors`
--
CREATE TABLE `craft_deprecationerrors` (
  `id` int(11) NOT NULL AUTO_INCREMENT,
  `key` varchar(255) COLLATE utf8_unicode_ci NOT NULL,
  `fingerprint` varchar(255) COLLATE utf8_unicode_ci NOT NULL,
  `lastOccurrence` datetime NOT NULL,
  `file` varchar(255) COLLATE utf8_unicode_ci NOT NULL,
  `line` smallint(6) unsigned NOT NULL,
  `class` varchar(255) COLLATE utf8_unicode_ci DEFAULT NULL,
  `method` varchar(255) COLLATE utf8_unicode_ci DEFAULT NULL,
  `template` varchar(255) COLLATE utf8_unicode_ci DEFAULT NULL,
  `templateLine` smallint(6) unsigned DEFAULT NULL,
  `message` varchar(255) COLLATE utf8_unicode_ci DEFAULT NULL,
  `traces` text COLLATE utf8_unicode_ci,
  `dateCreated` datetime NOT NULL,
  `dateUpdated` datetime NOT NULL,
  `uid` char(36) COLLATE utf8_unicode_ci NOT NULL DEFAULT '0',
  PRIMARY KEY (`id`),
  UNIQUE KEY `craft_deprecationerrors_key_fingerprint_unq_idx` (`key`,`fingerprint`)
) ENGINE=InnoDB DEFAULT CHARSET=utf8 COLLATE=utf8_unicode_ci;

DROP TABLE IF EXISTS `craft_elementindexsettings`;


--
-- Schema for table `craft_elementindexsettings`
--
CREATE TABLE `craft_elementindexsettings` (
  `id` int(11) NOT NULL AUTO_INCREMENT,
  `type` varchar(150) COLLATE utf8_unicode_ci NOT NULL,
  `settings` text COLLATE utf8_unicode_ci,
  `dateCreated` datetime NOT NULL,
  `dateUpdated` datetime NOT NULL,
  `uid` char(36) COLLATE utf8_unicode_ci NOT NULL DEFAULT '0',
  PRIMARY KEY (`id`),
  UNIQUE KEY `craft_elementindexsettings_type_unq_idx` (`type`)
) ENGINE=InnoDB DEFAULT CHARSET=utf8 COLLATE=utf8_unicode_ci;

DROP TABLE IF EXISTS `craft_elements`;


--
-- Schema for table `craft_elements`
--
CREATE TABLE `craft_elements` (
  `id` int(11) NOT NULL AUTO_INCREMENT,
  `type` varchar(150) COLLATE utf8_unicode_ci NOT NULL,
  `enabled` tinyint(1) unsigned NOT NULL DEFAULT '1',
  `archived` tinyint(1) unsigned NOT NULL DEFAULT '0',
  `dateCreated` datetime NOT NULL,
  `dateUpdated` datetime NOT NULL,
  `uid` char(36) COLLATE utf8_unicode_ci NOT NULL DEFAULT '0',
  PRIMARY KEY (`id`),
  KEY `craft_elements_type_idx` (`type`),
  KEY `craft_elements_enabled_idx` (`enabled`),
  KEY `craft_elements_archived_dateCreated_idx` (`archived`,`dateCreated`)
) ENGINE=InnoDB AUTO_INCREMENT=40 DEFAULT CHARSET=utf8 COLLATE=utf8_unicode_ci;

--
-- Data for table `craft_elements`
--

INSERT INTO `craft_elements` (`id`, `type`, `enabled`, `archived`, `dateCreated`, `dateUpdated`, `uid`) VALUES
 ('1', 'User', '1', '0', '2017-01-04 21:19:12', '2017-03-10 22:06:43', '69b0a6bd-5168-43bd-86f0-04f786b18ffd'),
 ('2', 'Entry', '1', '0', '2017-01-04 21:19:13', '2017-03-13 09:38:05', 'a50b06b3-39d1-43d8-9d2c-96c7ab730e5c'),
 ('4', 'Category', '1', '0', '2017-02-01 20:35:31', '2017-02-01 20:35:31', 'ea6d4dd3-67c2-48e5-a922-a96151de15c8'),
 ('5', 'Category', '1', '0', '2017-02-01 20:35:47', '2017-02-01 20:35:47', '44c28fa2-c35d-4e08-9339-71346950852d'),
 ('6', 'Entry', '1', '0', '2017-02-01 20:45:39', '2017-03-12 23:41:18', '1b36cb21-9abe-4c1d-92e6-3dfd9863f449'),
 ('7', 'Asset', '1', '0', '2017-02-02 19:46:24', '2017-02-09 17:34:32', 'f51c3ffd-b430-4f73-8aec-b8198d4e471b'),
 ('8', 'Entry', '1', '0', '2017-02-08 20:44:05', '2017-03-13 09:42:31', 'a5fd06c1-7fb0-484b-aac6-a120105eb545'),
 ('9', 'Category', '1', '0', '2017-02-13 19:24:31', '2017-02-13 19:24:31', '7978d958-5979-4afc-90cd-e84e220a84ca'),
 ('10', 'Category', '1', '0', '2017-02-13 19:25:01', '2017-02-13 19:25:01', 'a5ea57c3-b8b8-45b7-b9c0-68e34c401a05'),
 ('11', 'Asset', '1', '0', '2017-02-13 19:38:51', '2017-02-13 19:40:36', '31887db8-7082-43c7-a55d-cda3c72454de'),
 ('12', 'Entry', '1', '0', '2017-02-13 19:39:52', '2017-02-13 19:39:52', 'a97d0819-0080-4a7f-bd14-c565b6e35e30'),
 ('14', 'Asset', '1', '0', '2017-03-11 16:07:28', '2017-03-11 16:07:28', '708f5af5-89d2-464c-ae84-ff75e00827e6'),
 ('15', 'Neo_Block', '1', '0', '2017-03-11 16:08:09', '2017-03-11 16:08:09', '00a66f2c-8a13-44ef-82ef-af6a96908284'),
 ('16', 'Neo_Block', '1', '0', '2017-03-11 16:08:09', '2017-03-13 09:38:05', '42fd86ed-4778-4c5b-a6aa-438966f240e3'),
 ('17', 'SuperTable_Block', '1', '0', '2017-03-11 16:08:09', '2017-03-13 09:38:05', '729fea9b-cea8-45b8-b7cb-ee795fd3c428'),
 ('18', 'Entry', '1', '0', '2017-03-12 23:43:06', '2017-03-13 02:54:40', '751ddb8a-dd71-4e50-84f8-9ee1e936eccb'),
 ('19', 'Entry', '1', '0', '2017-03-12 23:43:40', '2017-03-12 23:43:40', 'ded697f5-e745-424d-99cc-d77d2bfbae64'),
 ('20', 'Entry', '1', '0', '2017-03-12 23:44:17', '2017-03-12 23:44:17', 'b29b469e-bf35-4870-a2c3-bcd60b05c850'),
 ('21', 'Neo_Block', '1', '0', '2017-03-12 23:49:45', '2017-03-12 23:49:45', '0372fff6-c362-4e0c-b2b5-1be94501d552'),
 ('22', 'SuperTable_Block', '1', '0', '2017-03-12 23:49:45', '2017-03-12 23:49:45', 'fcb5abc9-7c9e-4e6a-88f0-490f45e0ff95'),
 ('24', 'Asset', '1', '0', '2017-03-13 00:42:25', '2017-03-13 00:42:26', 'c6fbfc9e-7ac7-4431-9f98-c8cc83ccc75d'),
 ('25', 'Asset', '1', '0', '2017-03-13 00:43:22', '2017-03-13 00:43:22', 'c48f042d-57ae-4855-8d3f-4334e037b71d'),
 ('26', 'Neo_Block', '1', '0', '2017-03-13 00:44:24', '2017-03-13 00:44:24', 'f1995612-71de-4751-a7ae-4d74836aded5'),
 ('27', 'Neo_Block', '1', '0', '2017-03-13 00:44:24', '2017-03-13 00:44:24', 'dfed2a12-b4d2-4c88-8d8e-cc34cf9bcda3'),
 ('28', 'SuperTable_Block', '1', '0', '2017-03-13 00:44:24', '2017-03-13 00:44:24', '0fed1e93-b531-4b72-9990-8b07bde3a71b'),
 ('29', 'Neo_Block', '1', '0', '2017-03-13 00:44:24', '2017-03-13 00:50:48', '980b6f00-9bf4-4cd2-93fb-7fca5a3e5ae8'),
 ('30', 'SuperTable_Block', '1', '0', '2017-03-13 00:44:24', '2017-03-13 00:50:48', 'd015ab0f-93c5-4e74-809a-e2ed5911d53c'),
 ('31', 'Entry', '1', '0', '2017-03-13 09:43:11', '2017-03-13 10:11:54', '1bff66f7-a689-4446-b053-0d40632a85bf'),
 ('32', 'Neo_Block', '1', '0', '2017-03-13 09:46:25', '2017-03-13 09:46:25', 'ef3dde01-a6f4-44bf-bb60-2bcc1b9d33b3'),
 ('33', 'Neo_Block', '1', '0', '2017-03-13 09:46:25', '2017-03-13 09:46:25', '4d709769-d5ea-474b-a995-3cc225441a0d'),
 ('34', 'SuperTable_Block', '1', '0', '2017-03-13 09:46:25', '2017-03-13 09:46:25', '380756b1-3812-471d-8de9-dbfe3dc0ac00'),
 ('35', 'Neo_Block', '1', '0', '2017-03-13 09:46:25', '2017-03-13 09:46:25', '02b498ee-7db4-4813-83ad-78ea82c9d58e'),
 ('36', 'Neo_Block', '1', '0', '2017-03-13 09:46:25', '2017-03-13 09:46:25', 'fdbded1b-a0e4-4bec-a696-91821e632204'),
 ('37', 'SuperTable_Block', '1', '0', '2017-03-13 09:46:26', '2017-03-13 09:46:26', '3ce382f5-93f3-4747-8b29-ea03b8399bf0'),
 ('38', 'Neo_Block', '1', '0', '2017-03-13 09:46:26', '2017-03-13 09:46:26', '4466def0-c3ea-4a09-9307-dd2f2a3794e2'),
 ('39', 'SuperTable_Block', '1', '0', '2017-03-13 09:46:26', '2017-03-13 09:46:26', 'e39f03b8-17d4-4909-91d0-0720ae9285f0');



DROP TABLE IF EXISTS `craft_elements_i18n`;


--
-- Schema for table `craft_elements_i18n`
--
CREATE TABLE `craft_elements_i18n` (
  `id` int(11) NOT NULL AUTO_INCREMENT,
  `elementId` int(11) NOT NULL,
  `locale` char(12) COLLATE utf8_unicode_ci NOT NULL,
  `slug` varchar(255) COLLATE utf8_unicode_ci DEFAULT NULL,
  `uri` varchar(255) COLLATE utf8_unicode_ci DEFAULT NULL,
  `enabled` tinyint(1) unsigned NOT NULL DEFAULT '1',
  `dateCreated` datetime NOT NULL,
  `dateUpdated` datetime NOT NULL,
  `uid` char(36) COLLATE utf8_unicode_ci NOT NULL DEFAULT '0',
  PRIMARY KEY (`id`),
  UNIQUE KEY `craft_elements_i18n_elementId_locale_unq_idx` (`elementId`,`locale`),
  UNIQUE KEY `craft_elements_i18n_uri_locale_unq_idx` (`uri`,`locale`),
  KEY `craft_elements_i18n_slug_locale_idx` (`slug`,`locale`),
  KEY `craft_elements_i18n_enabled_idx` (`enabled`),
  KEY `craft_elements_i18n_locale_fk` (`locale`)
) ENGINE=InnoDB AUTO_INCREMENT=40 DEFAULT CHARSET=utf8 COLLATE=utf8_unicode_ci;

--
-- Data for table `craft_elements_i18n`
--

INSERT INTO `craft_elements_i18n` (`id`, `elementId`, `locale`, `slug`, `uri`, `enabled`, `dateCreated`, `dateUpdated`, `uid`) VALUES
 ('1', '1', 'en_us', '', NULL, '1', '2017-01-04 21:19:12', '2017-03-10 22:06:43', 'aa62db75-a665-4232-89d8-dbe52dc2d36f'),
 ('2', '2', 'en_us', 'homepage', '__home__', '1', '2017-01-04 21:19:13', '2017-03-13 09:38:05', '5b63c380-c1a9-4b0b-a50f-488eefece701'),
 ('4', '4', 'en_us', 'news', 'news-categories/news', '1', '2017-02-01 20:35:31', '2017-02-01 20:35:32', '2dd2ba27-a6f1-409d-a47d-dc1f0b182926'),
 ('5', '5', 'en_us', 'article', 'news-categories/article', '1', '2017-02-01 20:35:48', '2017-02-01 20:35:48', '11912f33-0944-4610-a564-273ba5001ef5'),
 ('6', '6', 'en_us', 'first-news-entry', 'news/2017/first-news-entry', '1', '2017-02-01 20:45:39', '2017-03-12 23:41:18', '1694436b-5bdb-4d30-8c4f-a6e77a6d807f'),
 ('7', '7', 'en_us', 'red-peak-logo', NULL, '1', '2017-02-02 19:46:24', '2017-02-09 17:34:32', '3e96753f-17b7-4983-a0f6-e9deb2682222'),
 ('8', '8', 'en_us', 'intel', 'portfolio/intel', '1', '2017-02-08 20:44:06', '2017-03-13 09:42:31', '015c75bd-cbdd-456d-9dc2-e96e28395a71'),
 ('9', '9', 'en_us', 'new-york', 'location-categories/new-york', '1', '2017-02-13 19:24:32', '2017-02-13 19:24:32', '0d9ad9a4-83f6-48fa-8241-4db76516eb55'),
 ('10', '10', 'en_us', 'taipei', 'location-categories/taipei', '1', '2017-02-13 19:25:01', '2017-02-13 19:25:01', '52c75366-7bb3-4620-b92a-020334c824df'),
 ('11', '11', 'en_us', 'liz-owens-270x270', NULL, '1', '2017-02-13 19:38:51', '2017-02-13 19:40:36', 'ecf72f9a-fc7f-4bb6-9fc5-1b9056d7d5b1'),
 ('12', '12', 'en_us', 'liz-owens', NULL, '1', '2017-02-13 19:39:52', '2017-02-13 19:39:52', 'fd096a88-631a-43a6-b0db-cd685802e5ed'),
 ('14', '14', 'en_us', 'intel-supergraphic-ct4-v2', NULL, '1', '2017-03-11 16:07:28', '2017-03-11 16:07:28', '25627840-f6c0-452a-9a12-753c1992c237'),
 ('15', '15', 'en_us', '', NULL, '1', '2017-03-11 16:08:09', '2017-03-11 16:08:09', '69756c26-2cb4-4f80-9064-8e13a129d9ce'),
 ('16', '16', 'en_us', '', NULL, '1', '2017-03-11 16:08:09', '2017-03-13 09:38:05', '09a284d0-b4f5-429e-8d61-fc2054710724'),
 ('17', '17', 'en_us', '', NULL, '1', '2017-03-11 16:08:09', '2017-03-13 09:38:05', '74053aff-2c8c-4629-89b1-89e575fee6a7'),
 ('18', '18', 'en_us', 'the-new-design-of-descent', 'news/2017/the-new-design-of-descent', '1', '2017-03-12 23:43:06', '2017-03-13 02:54:41', '95724213-7ece-4102-8d7e-6cee094a766a'),
 ('19', '19', 'en_us', 'lorem-ipsum-dolor-sit-amet-conseter', 'news/2017/lorem-ipsum-dolor-sit-amet-conseter', '1', '2017-03-12 23:43:40', '2017-03-12 23:43:40', 'd20ba2db-d3f9-49e4-b958-f9acae69c7f8'),
 ('20', '20', 'en_us', 'lorum-ipsem', 'news/2017/lorum-ipsem', '1', '2017-03-12 23:44:17', '2017-03-12 23:44:17', 'c3ffb981-931a-4f77-b77f-07f4b2d001ce'),
 ('21', '21', 'en_us', '', NULL, '1', '2017-03-12 23:49:45', '2017-03-12 23:49:45', '70b45762-b9f7-4f5d-949a-ec8c8dcc782e'),
 ('22', '22', 'en_us', '', NULL, '1', '2017-03-12 23:49:45', '2017-03-12 23:49:45', 'e4537f6f-277c-43e6-bdb4-f2bf15409578'),
 ('24', '24', 'en_us', 'mountain', NULL, '1', '2017-03-13 00:42:25', '2017-03-13 00:42:26', '04323a40-fa7c-4279-8566-745749692f6c'),
 ('25', '25', 'en_us', 'intel-amazing-home-091216-v1-01', NULL, '1', '2017-03-13 00:43:22', '2017-03-13 00:43:22', '07782321-f65d-448b-8a28-d95181f8d55d'),
 ('26', '26', 'en_us', '', NULL, '1', '2017-03-13 00:44:24', '2017-03-13 00:44:24', '13dbdb84-5651-42e0-8e3d-b1f9fb35b766'),
 ('27', '27', 'en_us', '', NULL, '1', '2017-03-13 00:44:24', '2017-03-13 00:44:24', '2cd7c7f6-022a-4857-ac97-f93c09d0bf67'),
 ('28', '28', 'en_us', '', NULL, '1', '2017-03-13 00:44:24', '2017-03-13 00:44:24', 'f99cea34-fe7d-42e4-b25a-e7f08bb5f92c'),
 ('29', '29', 'en_us', '', NULL, '1', '2017-03-13 00:44:24', '2017-03-13 00:50:48', '0079348f-e124-48e5-8140-c97674da706c'),
 ('30', '30', 'en_us', '', NULL, '1', '2017-03-13 00:44:24', '2017-03-13 00:50:48', '2f8b68c6-9184-4982-b00e-c13813fd2fde'),
 ('31', '31', 'en_us', 'work', 'work/', '1', '2017-03-13 09:43:11', '2017-03-13 10:11:54', 'd448f7b1-2e26-4b5f-9903-e1ea562241ba'),
 ('32', '32', 'en_us', '', NULL, '1', '2017-03-13 09:46:25', '2017-03-13 09:46:25', '4f2e48d0-84a7-40df-bcbe-1c2384aa8ecd'),
 ('33', '33', 'en_us', '', NULL, '1', '2017-03-13 09:46:25', '2017-03-13 09:46:25', '8ef3baa5-d612-466a-b893-b223ef80e884'),
 ('34', '34', 'en_us', '', NULL, '1', '2017-03-13 09:46:25', '2017-03-13 09:46:25', '8b2a9433-7e21-477e-835b-4be28baaf617'),
 ('35', '35', 'en_us', '', NULL, '1', '2017-03-13 09:46:25', '2017-03-13 09:46:25', 'ef9cce5d-301b-45dc-8495-8762f4e04f09'),
 ('36', '36', 'en_us', '', NULL, '1', '2017-03-13 09:46:26', '2017-03-13 09:46:26', 'c0e2ff4a-2270-4a4c-9b84-08ed40d51d4d'),
 ('37', '37', 'en_us', '', NULL, '1', '2017-03-13 09:46:26', '2017-03-13 09:46:26', 'd9cb0d00-05e6-4073-b263-d621767510c4'),
 ('38', '38', 'en_us', '', NULL, '1', '2017-03-13 09:46:26', '2017-03-13 09:46:26', '5e5d2b26-7cae-4b75-8ebb-2d0a71eb5ea5'),
 ('39', '39', 'en_us', '', NULL, '1', '2017-03-13 09:46:26', '2017-03-13 09:46:26', '5e29974f-2795-43ee-9c34-29930b709a0a');



DROP TABLE IF EXISTS `craft_emailmessages`;


--
-- Schema for table `craft_emailmessages`
--
CREATE TABLE `craft_emailmessages` (
  `id` int(11) NOT NULL AUTO_INCREMENT,
  `key` char(150) COLLATE utf8_unicode_ci NOT NULL,
  `locale` char(12) COLLATE utf8_unicode_ci NOT NULL,
  `subject` varchar(1000) COLLATE utf8_unicode_ci NOT NULL,
  `body` text COLLATE utf8_unicode_ci NOT NULL,
  `dateCreated` datetime NOT NULL,
  `dateUpdated` datetime NOT NULL,
  `uid` char(36) COLLATE utf8_unicode_ci NOT NULL DEFAULT '0',
  PRIMARY KEY (`id`),
  UNIQUE KEY `craft_emailmessages_key_locale_unq_idx` (`key`,`locale`),
  KEY `craft_emailmessages_locale_fk` (`locale`)
) ENGINE=InnoDB DEFAULT CHARSET=utf8 COLLATE=utf8_unicode_ci;

DROP TABLE IF EXISTS `craft_entries`;


--
-- Schema for table `craft_entries`
--
CREATE TABLE `craft_entries` (
  `id` int(11) NOT NULL,
  `sectionId` int(11) NOT NULL,
  `typeId` int(11) DEFAULT NULL,
  `authorId` int(11) DEFAULT NULL,
  `postDate` datetime DEFAULT NULL,
  `expiryDate` datetime DEFAULT NULL,
  `dateCreated` datetime NOT NULL,
  `dateUpdated` datetime NOT NULL,
  `uid` char(36) COLLATE utf8_unicode_ci NOT NULL DEFAULT '0',
  PRIMARY KEY (`id`),
  KEY `craft_entries_sectionId_idx` (`sectionId`),
  KEY `craft_entries_typeId_idx` (`typeId`),
  KEY `craft_entries_postDate_idx` (`postDate`),
  KEY `craft_entries_expiryDate_idx` (`expiryDate`),
  KEY `craft_entries_authorId_fk` (`authorId`)
) ENGINE=InnoDB DEFAULT CHARSET=utf8 COLLATE=utf8_unicode_ci;

--
-- Data for table `craft_entries`
--

INSERT INTO `craft_entries` (`id`, `sectionId`, `typeId`, `authorId`, `postDate`, `expiryDate`, `dateCreated`, `dateUpdated`, `uid`) VALUES
 ('2', '1', NULL, NULL, '2017-01-04 21:19:13', NULL, '2017-01-04 21:19:13', '2017-03-13 09:38:05', 'ea25fce0-b061-40e7-98ef-40381adfb3d8'),
 ('6', '2', '2', '1', '2017-02-01 20:45:00', NULL, '2017-02-01 20:45:39', '2017-03-12 23:41:18', 'bdfb8d0d-09ab-41c4-aeaa-3d988115e998'),
 ('8', '3', '3', '1', '2017-02-08 20:44:05', NULL, '2017-02-08 20:44:06', '2017-02-08 20:44:06', 'de0e4f9a-c882-4dcb-9c6b-e16e3d5a562b'),
 ('12', '4', '4', '1', '2017-02-13 19:39:52', NULL, '2017-02-13 19:39:52', '2017-02-13 19:39:52', '01cad870-2a0b-40c5-b18a-88f8f608e9d1'),
 ('18', '2', '2', '1', '2017-03-12 23:42:00', NULL, '2017-03-12 23:43:06', '2017-03-13 02:54:41', 'e0afe2ad-d2c6-4e3a-958b-c963bafadddb'),
 ('19', '2', '2', '1', '2017-03-12 23:43:40', NULL, '2017-03-12 23:43:40', '2017-03-12 23:43:40', '3c81def3-e3d9-4f83-8662-4b6cf73daa54'),
 ('20', '2', '2', '1', '2017-03-12 23:44:17', NULL, '2017-03-12 23:44:17', '2017-03-12 23:44:17', 'b6f0a2d6-433c-4f38-93f7-836aadb24565'),
 ('31', '5', '5', NULL, '2017-03-13 10:08:08', NULL, '2017-03-13 09:43:11', '2017-03-13 10:11:54', 'b6a7ab23-a2b7-4ca5-8a35-522d525e26e7');



DROP TABLE IF EXISTS `craft_entrydrafts`;


--
-- Schema for table `craft_entrydrafts`
--
CREATE TABLE `craft_entrydrafts` (
  `id` int(11) NOT NULL AUTO_INCREMENT,
  `entryId` int(11) NOT NULL,
  `sectionId` int(11) NOT NULL,
  `creatorId` int(11) NOT NULL,
  `locale` char(12) COLLATE utf8_unicode_ci NOT NULL,
  `name` varchar(255) COLLATE utf8_unicode_ci NOT NULL,
  `notes` tinytext COLLATE utf8_unicode_ci,
  `data` mediumtext COLLATE utf8_unicode_ci NOT NULL,
  `dateCreated` datetime NOT NULL,
  `dateUpdated` datetime NOT NULL,
  `uid` char(36) COLLATE utf8_unicode_ci NOT NULL DEFAULT '0',
  PRIMARY KEY (`id`),
  KEY `craft_entrydrafts_entryId_locale_idx` (`entryId`,`locale`),
  KEY `craft_entrydrafts_sectionId_fk` (`sectionId`),
  KEY `craft_entrydrafts_creatorId_fk` (`creatorId`),
  KEY `craft_entrydrafts_locale_fk` (`locale`)
) ENGINE=InnoDB DEFAULT CHARSET=utf8 COLLATE=utf8_unicode_ci;

DROP TABLE IF EXISTS `craft_entrytypes`;


--
-- Schema for table `craft_entrytypes`
--
CREATE TABLE `craft_entrytypes` (
  `id` int(11) NOT NULL AUTO_INCREMENT,
  `sectionId` int(11) NOT NULL,
  `fieldLayoutId` int(11) DEFAULT NULL,
  `name` varchar(255) COLLATE utf8_unicode_ci NOT NULL,
  `handle` varchar(255) COLLATE utf8_unicode_ci NOT NULL,
  `hasTitleField` tinyint(1) unsigned NOT NULL DEFAULT '1',
  `titleLabel` varchar(255) COLLATE utf8_unicode_ci DEFAULT 'Title',
  `titleFormat` varchar(255) COLLATE utf8_unicode_ci DEFAULT NULL,
  `sortOrder` smallint(6) unsigned DEFAULT NULL,
  `dateCreated` datetime NOT NULL,
  `dateUpdated` datetime NOT NULL,
  `uid` char(36) COLLATE utf8_unicode_ci NOT NULL DEFAULT '0',
  PRIMARY KEY (`id`),
  UNIQUE KEY `craft_entrytypes_name_sectionId_unq_idx` (`name`,`sectionId`),
  UNIQUE KEY `craft_entrytypes_handle_sectionId_unq_idx` (`handle`,`sectionId`),
  KEY `craft_entrytypes_sectionId_fk` (`sectionId`),
  KEY `craft_entrytypes_fieldLayoutId_fk` (`fieldLayoutId`)
) ENGINE=InnoDB AUTO_INCREMENT=6 DEFAULT CHARSET=utf8 COLLATE=utf8_unicode_ci;

--
-- Data for table `craft_entrytypes`
--

INSERT INTO `craft_entrytypes` (`id`, `sectionId`, `fieldLayoutId`, `name`, `handle`, `hasTitleField`, `titleLabel`, `titleFormat`, `sortOrder`, `dateCreated`, `dateUpdated`, `uid`) VALUES
 ('1', '1', '75', 'Homepage', 'homepage', '1', 'Title', NULL, '1', '2017-01-04 21:19:13', '2017-02-13 18:05:58', '869fdf73-1636-4a67-985e-2dd543ecb837'),
 ('2', '2', '98', 'News', 'news', '1', 'Title', NULL, '1', '2017-01-04 21:19:13', '2017-03-12 23:40:17', '5c9d2057-d870-4df4-a88a-b2df5b18295a'),
 ('3', '3', '55', 'Work', 'work', '1', 'Title', NULL, '1', '2017-02-08 18:04:35', '2017-02-08 20:40:24', '62b90074-d4ee-484d-93b2-e7c98c098b66'),
 ('4', '4', '79', 'People', 'people', '1', 'Title', NULL, '1', '2017-02-13 19:32:30', '2017-02-13 19:33:50', '8bafe620-c047-4a27-8c04-19cfa26d8c29'),
 ('5', '5', '104', 'Work', 'work', '1', 'Title', NULL, '1', '2017-03-13 09:42:55', '2017-03-13 09:59:09', '396bbf37-5e2d-4bd9-a7d0-c526dc87d103');



DROP TABLE IF EXISTS `craft_entryversions`;


--
-- Schema for table `craft_entryversions`
--
CREATE TABLE `craft_entryversions` (
  `id` int(11) NOT NULL AUTO_INCREMENT,
  `entryId` int(11) NOT NULL,
  `sectionId` int(11) NOT NULL,
  `creatorId` int(11) DEFAULT NULL,
  `locale` char(12) COLLATE utf8_unicode_ci NOT NULL,
  `num` smallint(6) unsigned NOT NULL,
  `notes` tinytext COLLATE utf8_unicode_ci,
  `data` mediumtext COLLATE utf8_unicode_ci NOT NULL,
  `dateCreated` datetime NOT NULL,
  `dateUpdated` datetime NOT NULL,
  `uid` char(36) COLLATE utf8_unicode_ci NOT NULL DEFAULT '0',
  PRIMARY KEY (`id`),
  KEY `craft_entryversions_entryId_locale_idx` (`entryId`,`locale`),
  KEY `craft_entryversions_sectionId_fk` (`sectionId`),
  KEY `craft_entryversions_creatorId_fk` (`creatorId`),
  KEY `craft_entryversions_locale_fk` (`locale`)
) ENGINE=InnoDB AUTO_INCREMENT=23 DEFAULT CHARSET=utf8 COLLATE=utf8_unicode_ci;

--
-- Data for table `craft_entryversions`
--

INSERT INTO `craft_entryversions` (`id`, `entryId`, `sectionId`, `creatorId`, `locale`, `num`, `notes`, `data`, `dateCreated`, `dateUpdated`, `uid`) VALUES
 ('1', '2', '1', '1', 'en_us', '1', NULL, '{\"typeId\":\"1\",\"authorId\":null,\"title\":\"Homepage\",\"slug\":\"homepage\",\"postDate\":1483564753,\"expiryDate\":null,\"enabled\":1,\"parentId\":null,\"fields\":[]}', '2017-01-04 21:19:13', '2017-01-04 21:19:13', 'adbc61e0-c5f2-4c93-bc36-93a3ce3ee222'),
 ('2', '2', '1', '1', 'en_us', '2', NULL, '{\"typeId\":null,\"authorId\":null,\"title\":\"Welcome to Craftcms-box.puphpet!\",\"slug\":\"homepage\",\"postDate\":1483564753,\"expiryDate\":null,\"enabled\":\"1\",\"parentId\":null,\"fields\":{\"1\":\"<p>It\\u2019s true, this site doesn\\u2019t have a whole lot of content yet, but don\\u2019t worry. Our web developers have just installed the CMS, and they\\u2019re setting things up for the content editors this very moment. Soon Craftcms-box.puphpet will be an oasis of fresh perspectives, sharp analyses, and astute opinions that will keep you coming back again and again.<\\/p>\"}}', '2017-01-04 21:19:13', '2017-01-04 21:19:13', 'c76bd64b-26b8-4dba-ae5c-0f9c3c948922'),
 ('4', '6', '2', '1', 'en_us', '1', '', '{\"typeId\":null,\"authorId\":\"1\",\"title\":\"First news entry\",\"slug\":\"first-news-entry\",\"postDate\":1485981939,\"expiryDate\":null,\"enabled\":1,\"parentId\":null,\"fields\":{\"5\":[\"1\"],\"1\":\"<p>This is the body text!<\\/p>\",\"7\":[\"4\"],\"8\":\"\",\"6\":\"<p>What are you looking for?<\\/p><p><br><\\/p>\",\"3\":\"What should we do?\",\"2\":\"\"}}', '2017-02-01 20:45:39', '2017-02-01 20:45:39', 'bd46fe24-b1de-46d5-8f5a-8757ab77ec7b'),
 ('5', '2', '1', '1', 'en_us', '3', '', '{\"typeId\":null,\"authorId\":null,\"title\":\"Home\",\"slug\":\"homepage\",\"postDate\":1483564753,\"expiryDate\":null,\"enabled\":1,\"parentId\":null,\"fields\":{\"33\":\"\"}}', '2017-02-08 18:09:17', '2017-02-08 18:09:17', '21c0fae1-3574-4e87-9343-770e8803d260'),
 ('6', '8', '3', '1', 'en_us', '1', '', '{\"typeId\":null,\"authorId\":\"1\",\"title\":\"Intel\",\"slug\":\"intel\",\"postDate\":1486586645,\"expiryDate\":null,\"enabled\":1,\"parentId\":null,\"fields\":{\"1\":\"<p>A font that works in any language on any surface &mdash; a short sentence but a tall order. Intel Clear is custom font for Intel\\u2019s integral role in the digital world.<\\/p>\",\"45\":\"Intel Clear\",\"39\":\"\"}}', '2017-02-08 20:44:06', '2017-02-08 20:44:06', '317e4d9e-a1ef-4417-b14e-9f971ee285f3'),
 ('7', '12', '4', '1', 'en_us', '1', '', '{\"typeId\":null,\"authorId\":\"1\",\"title\":\"Liz Owens\",\"slug\":\"liz-owens\",\"postDate\":1487014792,\"expiryDate\":null,\"enabled\":1,\"parentId\":null,\"fields\":{\"57\":\"Liz\",\"34\":\"\",\"58\":\"Owens\",\"60\":[\"9\"],\"59\":\"VP, Experience Design\"}}', '2017-02-13 19:39:52', '2017-02-13 19:39:52', 'b9842b68-72d1-42a9-a1ac-e0c1cdff4296'),
 ('8', '2', '1', '1', 'en_us', '4', '', '{\"typeId\":null,\"authorId\":null,\"title\":\"Home\",\"slug\":\"homepage\",\"postDate\":1483564753,\"expiryDate\":null,\"enabled\":1,\"parentId\":null,\"fields\":{\"33\":{\"new0\":{\"modified\":\"1\",\"type\":\"oneUp\",\"enabled\":\"1\",\"collapsed\":\"0\",\"level\":\"0\"},\"new1\":{\"modified\":\"1\",\"type\":\"media\",\"enabled\":\"1\",\"collapsed\":\"0\",\"level\":\"1\",\"fields\":{\"mediaPickerWLink\":{\"new1\":{\"type\":\"4\",\"fields\":{\"titleField\":\"INTEL 360\\u00b0 Replay\",\"type\":\"image\",\"linkField\":\"\",\"client\":\"Intel\",\"image\":[\"14\"],\"videoUrl\":\"#\",\"text\":\"\",\"textColor\":\"white\"}}}}}},\"56\":{\"seoMainEntityCategory\":\"CreativeWork\",\"seoMainEntityOfPage\":\"WebPage\",\"seoTitleSource\":\"custom\",\"seoTitleSourceField\":\"title\",\"seoTitleUnparsed\":\"\",\"seoDescriptionSource\":\"custom\",\"seoDescriptionSourceField\":\"title\",\"seoDescriptionUnparsed\":\"\",\"seoKeywordsSource\":\"custom\",\"seoKeywordsSourceField\":\"title\",\"seoKeywordsUnparsed\":\"\",\"seoImageIdSource\":\"custom\",\"seoImageId\":\"\",\"seoImageTransform\":\"\",\"twitterCardType\":\"\",\"seoTwitterImageIdSource\":\"custom\",\"seoTwitterImageId\":\"\",\"seoTwitterImageTransform\":\"\",\"openGraphType\":\"\",\"seoFacebookImageIdSource\":\"custom\",\"seoFacebookImageId\":\"\",\"seoFacebookImageTransform\":\"\",\"robots\":\"\"}}}', '2017-03-11 16:08:09', '2017-03-11 16:08:09', 'c0af47de-7e30-44ee-ba09-8e19c5017665'),
 ('9', '6', '2', '1', 'en_us', '2', '', '{\"typeId\":\"2\",\"authorId\":\"1\",\"title\":\"SIT WHEREEVER YOU WANT\",\"slug\":\"first-news-entry\",\"postDate\":1485981900,\"expiryDate\":null,\"enabled\":1,\"parentId\":null,\"fields\":{\"5\":[\"1\"],\"1\":\"<p>This is the body text!<\\/p>\",\"7\":[\"4\"],\"8\":\"\",\"6\":\"<p>What are you looking for?<\\/p>\\r\\n<p><br><\\/p>\",\"3\":\"What should we do?\",\"2\":\"\"}}', '2017-03-12 23:27:29', '2017-03-12 23:27:29', '0b67200e-d8de-4215-ba61-bda4d29add93'),
 ('10', '6', '2', '1', 'en_us', '3', '', '{\"typeId\":\"2\",\"authorId\":\"1\",\"title\":\"SIT WHEREEVER YOU WANT\",\"slug\":\"first-news-entry\",\"postDate\":1485981900,\"expiryDate\":null,\"enabled\":1,\"parentId\":null,\"fields\":{\"5\":[\"1\"],\"1\":\"<p>This is the body text!<\\/p>\",\"7\":[\"4\"],\"65\":\"aquaMarineOnBlue\",\"8\":\"\",\"6\":\"<p>What are you looking for?<\\/p>\\r\\n<p><br><\\/p>\",\"3\":\"What should we do?\",\"2\":\"\"}}', '2017-03-12 23:41:18', '2017-03-12 23:41:18', '39dd734f-248c-4c96-871d-a87c347da02c'),
 ('11', '18', '2', '1', 'en_us', '1', '', '{\"typeId\":null,\"authorId\":\"1\",\"title\":\"THE NEW DESIGN OF DESCENT\",\"slug\":\"the-new-design-of-descent\",\"postDate\":1489362120,\"expiryDate\":null,\"enabled\":1,\"parentId\":null,\"fields\":{\"5\":[\"1\"],\"1\":\"<p>Some body here.<\\/p>\",\"7\":[\"5\"],\"65\":\"blueOnAquaMarine\",\"8\":\"\",\"6\":\"\",\"3\":\"\",\"2\":\"\"}}', '2017-03-12 23:43:06', '2017-03-12 23:43:06', 'cb36be24-95ff-43be-9262-f1dce6d2ad9d'),
 ('12', '19', '2', '1', 'en_us', '1', '', '{\"typeId\":null,\"authorId\":\"1\",\"title\":\"LOREM IPSUM DOLOR SIT AMET CONSETER...\",\"slug\":\"lorem-ipsum-dolor-sit-amet-conseter\",\"postDate\":1489362220,\"expiryDate\":null,\"enabled\":1,\"parentId\":null,\"fields\":{\"5\":[\"1\"],\"1\":\"<p>Some body here<\\/p>\",\"7\":[\"4\"],\"65\":\"orangeOnSunset\",\"8\":\"\",\"6\":\"\",\"3\":\"\",\"2\":\"\"}}', '2017-03-12 23:43:40', '2017-03-12 23:43:40', 'de8bb684-3e31-4160-a55e-0201628b5f8d'),
 ('13', '20', '2', '1', 'en_us', '1', '', '{\"typeId\":null,\"authorId\":\"1\",\"title\":\"LORUM IPSEM\",\"slug\":\"lorum-ipsem\",\"postDate\":1489362257,\"expiryDate\":null,\"enabled\":1,\"parentId\":null,\"fields\":{\"5\":[\"1\"],\"1\":\"<p>Some body here<\\/p>\",\"7\":[\"5\"],\"65\":\"redOnBrown\",\"8\":\"\",\"6\":\"\",\"3\":\"\",\"2\":\"\"}}', '2017-03-12 23:44:17', '2017-03-12 23:44:17', '29197191-3361-4b9d-a51d-13cf5b1725fc'),
 ('14', '2', '1', '1', 'en_us', '5', '', '{\"typeId\":null,\"authorId\":null,\"title\":\"Home\",\"slug\":\"homepage\",\"postDate\":1483564753,\"expiryDate\":null,\"enabled\":1,\"parentId\":null,\"fields\":{\"33\":{\"15\":{\"modified\":\"0\",\"type\":\"oneUp\",\"enabled\":\"1\",\"collapsed\":\"0\",\"level\":\"0\"},\"16\":{\"modified\":\"0\",\"type\":\"media\",\"enabled\":\"1\",\"collapsed\":\"0\",\"level\":\"1\",\"fields\":{\"mediaPickerWLink\":{\"17\":{\"type\":\"4\",\"fields\":{\"titleField\":\"INTEL 360\\u00b0 Replay\",\"type\":\"image\",\"linkField\":\"\",\"client\":\"Intel\",\"image\":[\"14\"],\"videoUrl\":\"#\",\"text\":\"\",\"textColor\":\"white\"}}}}},\"new0\":{\"modified\":\"1\",\"type\":\"newsFourUp\",\"enabled\":\"1\",\"collapsed\":\"0\",\"level\":\"0\",\"fields\":{\"news4UpPicker\":{\"new1\":{\"type\":\"2\",\"fields\":{\"item1\":[\"6\"],\"item2\":[\"18\"],\"item3\":[\"19\"],\"item4\":[\"20\"]}}}}}},\"56\":{\"seoMainEntityCategory\":\"CreativeWork\",\"seoMainEntityOfPage\":\"WebPage\",\"seoTitleSource\":\"custom\",\"seoTitleSourceField\":\"title\",\"seoTitleUnparsed\":\"\",\"seoDescriptionSource\":\"custom\",\"seoDescriptionSourceField\":\"title\",\"seoDescriptionUnparsed\":\"\",\"seoKeywordsSource\":\"custom\",\"seoKeywordsSourceField\":\"title\",\"seoKeywordsUnparsed\":\"\",\"seoImageIdSource\":\"custom\",\"seoImageId\":\"\",\"seoImageTransform\":\"\",\"twitterCardType\":\"\",\"seoTwitterImageIdSource\":\"custom\",\"seoTwitterImageId\":\"\",\"seoTwitterImageTransform\":\"\",\"openGraphType\":\"\",\"seoFacebookImageIdSource\":\"custom\",\"seoFacebookImageId\":\"\",\"seoFacebookImageTransform\":\"\",\"robots\":\"\"}}}', '2017-03-12 23:49:45', '2017-03-12 23:49:45', 'cbef5393-acb6-4314-a4dc-da7b9fd05382'),
 ('15', '2', '1', '1', 'en_us', '6', '', '{\"typeId\":null,\"authorId\":null,\"title\":\"Home\",\"slug\":\"homepage\",\"postDate\":1483564753,\"expiryDate\":null,\"enabled\":1,\"parentId\":null,\"fields\":{\"33\":{\"15\":{\"modified\":\"0\",\"type\":\"oneUp\",\"enabled\":\"1\",\"collapsed\":\"0\",\"level\":\"0\"},\"16\":{\"modified\":\"0\",\"type\":\"media\",\"enabled\":\"1\",\"collapsed\":\"0\",\"level\":\"1\",\"fields\":{\"mediaPickerWLink\":{\"17\":{\"type\":\"4\",\"fields\":{\"titleField\":\"INTEL 360\\u00b0 Replay\",\"type\":\"image\",\"linkField\":\"\",\"client\":\"Intel\",\"image\":[\"14\"],\"videoUrl\":\"#\",\"text\":\"\",\"textColor\":\"white\"}}}}},\"21\":{\"modified\":\"0\",\"type\":\"newsFourUp\",\"enabled\":\"1\",\"collapsed\":\"0\",\"level\":\"0\",\"fields\":{\"news4UpPicker\":{\"22\":{\"type\":\"2\",\"fields\":{\"item1\":[\"6\"],\"item2\":[\"18\"],\"item3\":[\"19\"],\"item4\":[\"20\"]}}}}},\"new0\":{\"modified\":\"1\",\"type\":\"twoUp\",\"enabled\":\"1\",\"collapsed\":\"0\",\"level\":\"0\"},\"new1\":{\"modified\":\"1\",\"type\":\"media\",\"enabled\":\"1\",\"collapsed\":\"0\",\"level\":\"1\",\"fields\":{\"mediaPickerWLink\":{\"new1\":{\"type\":\"4\",\"fields\":{\"titleField\":\"PROTECT OUR NATURE\",\"type\":\"image\",\"linkField\":\"\",\"client\":\"Ideo\",\"image\":[\"24\"],\"videoUrl\":\"\",\"text\":\"\",\"textColor\":\"white\"}}}}},\"new2\":{\"modified\":\"1\",\"type\":\"media\",\"enabled\":\"1\",\"collapsed\":\"0\",\"level\":\"1\",\"fields\":{\"mediaPickerWLink\":{\"new1\":{\"type\":\"4\",\"fields\":{\"titleField\":\"A DYNAMIC FONT FOR THE DIGITAL AGE\",\"type\":\"image\",\"linkField\":\"\",\"client\":\"Intel\",\"image\":[\"14\"],\"videoUrl\":\"\",\"text\":\"\",\"textColor\":\"white\"}}}}}},\"56\":{\"seoMainEntityCategory\":\"CreativeWork\",\"seoMainEntityOfPage\":\"WebPage\",\"seoTitleSource\":\"custom\",\"seoTitleSourceField\":\"title\",\"seoTitleUnparsed\":\"\",\"seoDescriptionSource\":\"custom\",\"seoDescriptionSourceField\":\"title\",\"seoDescriptionUnparsed\":\"\",\"seoKeywordsSource\":\"custom\",\"seoKeywordsSourceField\":\"title\",\"seoKeywordsUnparsed\":\"\",\"seoImageIdSource\":\"custom\",\"seoImageId\":\"\",\"seoImageTransform\":\"\",\"twitterCardType\":\"\",\"seoTwitterImageIdSource\":\"custom\",\"seoTwitterImageId\":\"\",\"seoTwitterImageTransform\":\"\",\"openGraphType\":\"\",\"seoFacebookImageIdSource\":\"custom\",\"seoFacebookImageId\":\"\",\"seoFacebookImageTransform\":\"\",\"robots\":\"\"}}}', '2017-03-13 00:44:24', '2017-03-13 00:44:24', '035332e2-8f0c-4026-b39f-e9d857604272'),
 ('16', '2', '1', '1', 'en_us', '7', '', '{\"typeId\":null,\"authorId\":null,\"title\":\"Home\",\"slug\":\"homepage\",\"postDate\":1483564753,\"expiryDate\":null,\"enabled\":1,\"parentId\":null,\"fields\":{\"33\":{\"15\":{\"modified\":\"0\",\"type\":\"oneUp\",\"enabled\":\"1\",\"collapsed\":\"0\",\"level\":\"0\"},\"16\":{\"modified\":\"0\",\"type\":\"media\",\"enabled\":\"1\",\"collapsed\":\"0\",\"level\":\"1\",\"fields\":{\"mediaPickerWLink\":{\"17\":{\"type\":\"4\",\"fields\":{\"titleField\":\"INTEL 360\\u00b0 Replay\",\"type\":\"image\",\"linkField\":\"\",\"client\":\"Intel\",\"image\":[\"14\"],\"videoUrl\":\"#\",\"text\":\"\",\"textColor\":\"white\"}}}}},\"21\":{\"modified\":\"0\",\"type\":\"newsFourUp\",\"enabled\":\"1\",\"collapsed\":\"0\",\"level\":\"0\",\"fields\":{\"news4UpPicker\":{\"22\":{\"type\":\"2\",\"fields\":{\"item1\":[\"6\"],\"item2\":[\"18\"],\"item3\":[\"19\"],\"item4\":[\"20\"]}}}}},\"26\":{\"modified\":\"0\",\"type\":\"twoUp\",\"enabled\":\"1\",\"collapsed\":\"0\",\"level\":\"0\"},\"27\":{\"modified\":\"0\",\"type\":\"media\",\"enabled\":\"1\",\"collapsed\":\"0\",\"level\":\"1\",\"fields\":{\"mediaPickerWLink\":{\"28\":{\"type\":\"4\",\"fields\":{\"titleField\":\"PROTECT OUR NATURE\",\"type\":\"image\",\"linkField\":\"\",\"client\":\"Ideo\",\"image\":[\"24\"],\"videoUrl\":\"\",\"text\":\"\",\"textColor\":\"white\"}}}}},\"29\":{\"modified\":\"1\",\"type\":\"media\",\"enabled\":\"1\",\"collapsed\":\"0\",\"level\":\"1\",\"fields\":{\"mediaPickerWLink\":{\"30\":{\"type\":\"4\",\"fields\":{\"titleField\":\"A DYNAMIC FONT FOR THE DIGITAL AGE\",\"type\":\"image\",\"linkField\":\"\",\"client\":\"Intel\",\"image\":[\"25\"],\"videoUrl\":\"\",\"text\":\"\",\"textColor\":\"white\"}}}}}},\"56\":{\"seoMainEntityCategory\":\"CreativeWork\",\"seoMainEntityOfPage\":\"WebPage\",\"seoTitleSource\":\"custom\",\"seoTitleSourceField\":\"title\",\"seoTitleUnparsed\":\"\",\"seoDescriptionSource\":\"custom\",\"seoDescriptionSourceField\":\"title\",\"seoDescriptionUnparsed\":\"\",\"seoKeywordsSource\":\"custom\",\"seoKeywordsSourceField\":\"title\",\"seoKeywordsUnparsed\":\"\",\"seoImageIdSource\":\"custom\",\"seoImageId\":\"\",\"seoImageTransform\":\"\",\"twitterCardType\":\"\",\"seoTwitterImageIdSource\":\"custom\",\"seoTwitterImageId\":\"\",\"seoTwitterImageTransform\":\"\",\"openGraphType\":\"\",\"seoFacebookImageIdSource\":\"custom\",\"seoFacebookImageId\":\"\",\"seoFacebookImageTransform\":\"\",\"robots\":\"\"}}}', '2017-03-13 00:50:48', '2017-03-13 00:50:48', 'd562f207-f60c-4a5b-8347-7f2574c6f19e'),
 ('17', '18', '2', '1', 'en_us', '2', '', '{\"typeId\":\"2\",\"authorId\":\"1\",\"title\":\"THE NEW DESIGN OF DESCENT\",\"slug\":\"the-new-design-of-descent\",\"postDate\":1489362120,\"expiryDate\":null,\"enabled\":1,\"parentId\":null,\"fields\":{\"5\":[\"1\"],\"1\":\"<p>Some body here.<\\/p>\",\"7\":[\"5\"],\"65\":\"lightPurpleOnDeepPurple\",\"8\":\"\",\"6\":\"\",\"3\":\"\",\"2\":\"\"}}', '2017-03-13 02:54:41', '2017-03-13 02:54:41', '2ef8a815-be7b-46e9-aa30-639cd7bb8e74'),
 ('18', '2', '1', '1', 'en_us', '8', '', '{\"typeId\":null,\"authorId\":null,\"title\":\"Home\",\"slug\":\"homepage\",\"postDate\":1483564753,\"expiryDate\":null,\"enabled\":1,\"parentId\":null,\"fields\":{\"33\":{\"15\":{\"modified\":\"0\",\"type\":\"oneUp\",\"enabled\":\"1\",\"collapsed\":\"0\",\"level\":\"0\"},\"16\":{\"modified\":\"1\",\"type\":\"media\",\"enabled\":\"1\",\"collapsed\":\"0\",\"level\":\"1\",\"fields\":{\"mediaPickerWLink\":{\"17\":{\"type\":\"4\",\"fields\":{\"titleField\":\"INTEL 360\\u00b0 Replay\",\"type\":\"image\",\"linkField\":\"\",\"client\":\"Intel\",\"image\":[\"14\"],\"videoUrl\":\"\",\"text\":\"\",\"textColor\":\"white\"}}}}},\"21\":{\"modified\":\"0\",\"type\":\"newsFourUp\",\"enabled\":\"1\",\"collapsed\":\"0\",\"level\":\"0\",\"fields\":{\"news4UpPicker\":{\"22\":{\"type\":\"2\",\"fields\":{\"item1\":[\"6\"],\"item2\":[\"18\"],\"item3\":[\"19\"],\"item4\":[\"20\"]}}}}},\"26\":{\"modified\":\"0\",\"type\":\"twoUp\",\"enabled\":\"1\",\"collapsed\":\"0\",\"level\":\"0\"},\"27\":{\"modified\":\"0\",\"type\":\"media\",\"enabled\":\"1\",\"collapsed\":\"0\",\"level\":\"1\",\"fields\":{\"mediaPickerWLink\":{\"28\":{\"type\":\"4\",\"fields\":{\"titleField\":\"PROTECT OUR NATURE\",\"type\":\"image\",\"linkField\":\"\",\"client\":\"Ideo\",\"image\":[\"24\"],\"videoUrl\":\"\",\"text\":\"\",\"textColor\":\"white\"}}}}},\"29\":{\"modified\":\"0\",\"type\":\"media\",\"enabled\":\"1\",\"collapsed\":\"0\",\"level\":\"1\",\"fields\":{\"mediaPickerWLink\":{\"30\":{\"type\":\"4\",\"fields\":{\"titleField\":\"A DYNAMIC FONT FOR THE DIGITAL AGE\",\"type\":\"image\",\"linkField\":\"\",\"client\":\"Intel\",\"image\":[\"25\"],\"videoUrl\":\"\",\"text\":\"\",\"textColor\":\"white\"}}}}}},\"56\":{\"seoMainEntityCategory\":\"CreativeWork\",\"seoMainEntityOfPage\":\"WebPage\",\"seoTitleSource\":\"custom\",\"seoTitleSourceField\":\"title\",\"seoTitleUnparsed\":\"\",\"seoDescriptionSource\":\"custom\",\"seoDescriptionSourceField\":\"title\",\"seoDescriptionUnparsed\":\"\",\"seoKeywordsSource\":\"custom\",\"seoKeywordsSourceField\":\"title\",\"seoKeywordsUnparsed\":\"\",\"seoImageIdSource\":\"custom\",\"seoImageId\":\"\",\"seoImageTransform\":\"\",\"twitterCardType\":\"\",\"seoTwitterImageIdSource\":\"custom\",\"seoTwitterImageId\":\"\",\"seoTwitterImageTransform\":\"\",\"openGraphType\":\"\",\"seoFacebookImageIdSource\":\"custom\",\"seoFacebookImageId\":\"\",\"seoFacebookImageTransform\":\"\",\"robots\":\"\"}}}', '2017-03-13 09:38:05', '2017-03-13 09:38:05', '2c92d2c8-d0e4-4dbd-a0d3-0effcc79ae98'),
 ('19', '31', '5', '1', 'en_us', '1', NULL, '{\"typeId\":\"5\",\"authorId\":null,\"title\":\"Work\",\"slug\":\"work\",\"postDate\":1489398191,\"expiryDate\":null,\"enabled\":1,\"parentId\":null,\"fields\":[]}', '2017-03-13 09:43:11', '2017-03-13 09:43:11', 'f41a773f-d715-4d0d-9390-00bea374342f'),
 ('20', '31', '5', '1', 'en_us', '2', '', '{\"typeId\":null,\"authorId\":null,\"title\":\"Work\",\"slug\":\"work\",\"postDate\":1489398191,\"expiryDate\":null,\"enabled\":1,\"parentId\":null,\"fields\":{\"39\":{\"new0\":{\"modified\":\"1\",\"type\":\"oneUp\",\"enabled\":\"1\",\"collapsed\":\"0\",\"level\":\"0\"},\"new1\":{\"modified\":\"1\",\"type\":\"media\",\"enabled\":\"1\",\"collapsed\":\"0\",\"level\":\"1\",\"fields\":{\"mediaPicker\":{\"new1\":{\"type\":\"3\",\"fields\":{\"titleField\":\" INTEL 360\\u00b0 REPLAY\",\"type\":\"image\",\"client\":\" Intel\",\"image\":[\"14\"],\"videoUrl\":\"\",\"text\":\"\",\"textColor\":\"white\"}}}}},\"new2\":{\"modified\":\"1\",\"type\":\"twoUp\",\"enabled\":\"1\",\"collapsed\":\"0\",\"level\":\"0\"},\"new3\":{\"modified\":\"1\",\"type\":\"media\",\"enabled\":\"1\",\"collapsed\":\"0\",\"level\":\"1\",\"fields\":{\"mediaPicker\":{\"new1\":{\"type\":\"3\",\"fields\":{\"titleField\":\" PROTECT OUR NATURE\",\"type\":\"image\",\"client\":\" Ideo\",\"image\":[\"24\"],\"videoUrl\":\"\",\"text\":\"\",\"textColor\":\"white\"}}}}},\"new4\":{\"modified\":\"1\",\"type\":\"media\",\"enabled\":\"1\",\"collapsed\":\"0\",\"level\":\"1\",\"fields\":{\"mediaPicker\":{\"new1\":{\"type\":\"3\",\"fields\":{\"titleField\":\" A DYNAMIC FONT FOR THE DIGITAL AGE\",\"type\":\"image\",\"client\":\" Intel\",\"image\":[\"25\"],\"videoUrl\":\"\",\"text\":\"\",\"textColor\":\"white\"}}}}}}}}', '2017-03-13 09:46:26', '2017-03-13 09:46:26', 'f2865381-2dda-4247-baed-bf518651d4e4'),
 ('21', '31', '5', '1', 'en_us', '3', '', '{\"typeId\":\"5\",\"authorId\":null,\"title\":\"Work\",\"slug\":\"work\",\"postDate\":1489398440,\"expiryDate\":null,\"enabled\":1,\"parentId\":null,\"fields\":{\"39\":{\"32\":{\"modified\":\"0\",\"type\":\"oneUp\",\"enabled\":\"1\",\"collapsed\":\"0\",\"level\":\"0\"},\"33\":{\"modified\":\"0\",\"type\":\"media\",\"enabled\":\"1\",\"collapsed\":\"0\",\"level\":\"1\",\"fields\":{\"mediaPicker\":{\"34\":{\"type\":\"3\",\"fields\":{\"titleField\":\" INTEL 360\\u00b0 REPLAY\",\"type\":\"image\",\"client\":\" Intel\",\"image\":[\"14\"],\"videoUrl\":\"\",\"text\":\"\",\"textColor\":\"white\"}}}}},\"35\":{\"modified\":\"0\",\"type\":\"twoUp\",\"enabled\":\"1\",\"collapsed\":\"0\",\"level\":\"0\"},\"36\":{\"modified\":\"0\",\"type\":\"media\",\"enabled\":\"1\",\"collapsed\":\"0\",\"level\":\"1\",\"fields\":{\"mediaPicker\":{\"37\":{\"type\":\"3\",\"fields\":{\"titleField\":\" PROTECT OUR NATURE\",\"type\":\"image\",\"client\":\" Ideo\",\"image\":[\"24\"],\"videoUrl\":\"\",\"text\":\"\",\"textColor\":\"white\"}}}}},\"38\":{\"modified\":\"0\",\"type\":\"media\",\"enabled\":\"1\",\"collapsed\":\"0\",\"level\":\"1\",\"fields\":{\"mediaPicker\":{\"39\":{\"type\":\"3\",\"fields\":{\"titleField\":\" A DYNAMIC FONT FOR THE DIGITAL AGE\",\"type\":\"image\",\"client\":\" Intel\",\"image\":[\"25\"],\"videoUrl\":\"\",\"text\":\"\",\"textColor\":\"white\"}}}}}}}}', '2017-03-13 09:57:33', '2017-03-13 09:57:33', '72e1b683-f7f8-46de-8b76-842583b7f441'),
 ('22', '31', '5', '1', 'en_us', '4', '', '{\"typeId\":\"5\",\"authorId\":null,\"title\":\"Work\",\"slug\":\"work\",\"postDate\":1489399688,\"expiryDate\":null,\"enabled\":1,\"parentId\":null,\"fields\":{\"39\":{\"32\":{\"modified\":\"0\",\"type\":\"oneUp\",\"enabled\":\"1\",\"collapsed\":\"0\",\"level\":\"0\"},\"33\":{\"modified\":\"0\",\"type\":\"media\",\"enabled\":\"1\",\"collapsed\":\"0\",\"level\":\"1\",\"fields\":{\"mediaPicker\":{\"34\":{\"type\":\"3\",\"fields\":{\"titleField\":\" INTEL 360\\u00b0 REPLAY\",\"type\":\"image\",\"client\":\" Intel\",\"image\":[\"14\"],\"videoUrl\":\"\",\"text\":\"\",\"textColor\":\"white\"}}}}},\"35\":{\"modified\":\"0\",\"type\":\"twoUp\",\"enabled\":\"1\",\"collapsed\":\"0\",\"level\":\"0\"},\"36\":{\"modified\":\"0\",\"type\":\"media\",\"enabled\":\"1\",\"collapsed\":\"0\",\"level\":\"1\",\"fields\":{\"mediaPicker\":{\"37\":{\"type\":\"3\",\"fields\":{\"titleField\":\" PROTECT OUR NATURE\",\"type\":\"image\",\"client\":\" Ideo\",\"image\":[\"24\"],\"videoUrl\":\"\",\"text\":\"\",\"textColor\":\"white\"}}}}},\"38\":{\"modified\":\"0\",\"type\":\"media\",\"enabled\":\"1\",\"collapsed\":\"0\",\"level\":\"1\",\"fields\":{\"mediaPicker\":{\"39\":{\"type\":\"3\",\"fields\":{\"titleField\":\" A DYNAMIC FONT FOR THE DIGITAL AGE\",\"type\":\"image\",\"client\":\" Intel\",\"image\":[\"25\"],\"videoUrl\":\"\",\"text\":\"\",\"textColor\":\"white\"}}}}}}}}', '2017-03-13 10:11:54', '2017-03-13 10:11:54', 'fc5788e8-3afc-4098-94d8-b0e822de34a8');



DROP TABLE IF EXISTS `craft_fieldgroups`;


--
-- Schema for table `craft_fieldgroups`
--
CREATE TABLE `craft_fieldgroups` (
  `id` int(11) NOT NULL AUTO_INCREMENT,
  `name` varchar(255) COLLATE utf8_unicode_ci NOT NULL,
  `dateCreated` datetime NOT NULL,
  `dateUpdated` datetime NOT NULL,
  `uid` char(36) COLLATE utf8_unicode_ci NOT NULL DEFAULT '0',
  PRIMARY KEY (`id`),
  UNIQUE KEY `craft_fieldgroups_name_unq_idx` (`name`)
) ENGINE=InnoDB AUTO_INCREMENT=10 DEFAULT CHARSET=utf8 COLLATE=utf8_unicode_ci;

--
-- Data for table `craft_fieldgroups`
--

INSERT INTO `craft_fieldgroups` (`id`, `name`, `dateCreated`, `dateUpdated`, `uid`) VALUES
 ('1', 'Default', '2017-01-04 21:19:12', '2017-01-04 21:19:12', 'bea2f316-6459-42b9-a2b2-8d7b2c1f3a29'),
 ('3', 'News', '2017-02-01 20:26:56', '2017-02-01 20:26:56', 'f85c4e8f-cbc0-404b-a102-8a56b42b3b86'),
 ('4', 'Layouts', '2017-02-02 22:34:49', '2017-02-02 22:54:43', 'fbb67840-ac04-4ffb-875a-fd386ba67f76'),
 ('5', 'Media', '2017-02-02 23:01:14', '2017-02-08 19:10:18', '6d7fa458-f966-496c-bb6d-4f27b1ccc373'),
 ('8', 'Images', '2017-02-09 17:32:46', '2017-02-09 17:32:46', '6ab97fd3-6dbe-4fe1-b994-8420218d6fd9'),
 ('9', 'People', '2017-02-13 19:21:07', '2017-02-13 19:21:07', 'f2524386-19dc-4a33-884e-84702e71fa2d');



DROP TABLE IF EXISTS `craft_fieldlayoutfields`;


--
-- Schema for table `craft_fieldlayoutfields`
--
CREATE TABLE `craft_fieldlayoutfields` (
  `id` int(11) NOT NULL AUTO_INCREMENT,
  `layoutId` int(11) NOT NULL,
  `tabId` int(11) NOT NULL,
  `fieldId` int(11) NOT NULL,
  `required` tinyint(1) unsigned NOT NULL DEFAULT '0',
  `sortOrder` smallint(6) unsigned DEFAULT NULL,
  `dateCreated` datetime NOT NULL,
  `dateUpdated` datetime NOT NULL,
  `uid` char(36) COLLATE utf8_unicode_ci NOT NULL DEFAULT '0',
  PRIMARY KEY (`id`),
  UNIQUE KEY `craft_fieldlayoutfields_layoutId_fieldId_unq_idx` (`layoutId`,`fieldId`),
  KEY `craft_fieldlayoutfields_sortOrder_idx` (`sortOrder`),
  KEY `craft_fieldlayoutfields_tabId_fk` (`tabId`),
  KEY `craft_fieldlayoutfields_fieldId_fk` (`fieldId`)
) ENGINE=InnoDB AUTO_INCREMENT=181 DEFAULT CHARSET=utf8 COLLATE=utf8_unicode_ci;

--
-- Data for table `craft_fieldlayoutfields`
--

INSERT INTO `craft_fieldlayoutfields` (`id`, `layoutId`, `tabId`, `fieldId`, `required`, `sortOrder`, `dateCreated`, `dateUpdated`, `uid`) VALUES
 ('64', '55', '30', '45', '0', '1', '2017-02-08 20:40:24', '2017-02-08 20:40:24', '77b7e0d7-24ff-4fc5-b063-23bebc34451b'),
 ('65', '55', '30', '1', '0', '2', '2017-02-08 20:40:24', '2017-02-08 20:40:24', '27c49019-4275-4998-a19f-961f49c6d7c5'),
 ('66', '55', '30', '39', '0', '3', '2017-02-08 20:40:24', '2017-02-08 20:40:24', '85f8fbb0-a485-4b87-b013-d9ef4aface43'),
 ('115', '75', '46', '33', '0', '1', '2017-02-13 18:05:58', '2017-02-13 18:05:58', '631b1e76-517f-4b8f-988c-94a1965441f4'),
 ('116', '75', '47', '56', '0', '1', '2017-02-13 18:05:58', '2017-02-13 18:05:58', '3507e45d-aef8-4bb2-b757-88fd53a9098a'),
 ('117', '77', '48', '57', '0', '1', '2017-02-13 19:30:06', '2017-02-13 19:30:06', 'bd4dc923-b65d-498f-ae3f-c301d0ec4377'),
 ('118', '77', '48', '58', '0', '2', '2017-02-13 19:30:06', '2017-02-13 19:30:06', '39b17440-c6cc-49c2-9211-1b5d7b22dac6'),
 ('119', '77', '48', '59', '0', '3', '2017-02-13 19:30:06', '2017-02-13 19:30:06', '1f59c804-550b-4c9f-9a64-5b51cece8acd'),
 ('120', '77', '48', '60', '0', '4', '2017-02-13 19:30:06', '2017-02-13 19:30:06', 'a9645b46-3246-4bf8-8832-018a117df4bc'),
 ('121', '77', '48', '1', '0', '5', '2017-02-13 19:30:06', '2017-02-13 19:30:06', '69a8d346-f13c-4350-9cb3-a733fb429804'),
 ('122', '77', '48', '34', '0', '6', '2017-02-13 19:30:06', '2017-02-13 19:30:06', 'ea352f80-819f-4c7e-bbe1-0bbdbad0f42c'),
 ('123', '79', '49', '57', '0', '1', '2017-02-13 19:33:50', '2017-02-13 19:33:50', 'f641d6b2-e8a6-4f10-a17e-d4ad71f5363a'),
 ('124', '79', '49', '58', '0', '2', '2017-02-13 19:33:50', '2017-02-13 19:33:50', 'ee3789cc-401d-4ced-8e9d-334e31f913c1'),
 ('125', '79', '49', '60', '0', '3', '2017-02-13 19:33:50', '2017-02-13 19:33:50', '0154c190-2725-4208-97b8-4f3847c26971'),
 ('126', '79', '49', '59', '0', '4', '2017-02-13 19:33:50', '2017-02-13 19:33:50', 'c704b732-f7b8-4cd0-b87d-05ac0241a27e'),
 ('127', '79', '49', '34', '0', '5', '2017-02-13 19:33:50', '2017-02-13 19:33:50', '95af6b4a-56ba-43fa-8093-38779c1a51d3'),
 ('133', '89', '55', '23', '0', '1', '2017-02-13 21:59:24', '2017-02-13 21:59:24', '47409b3a-e0b9-4166-9397-cd6128095cae'),
 ('134', '90', '56', '46', '0', '1', '2017-02-13 21:59:24', '2017-02-13 21:59:24', 'fcddb62a-2b90-4a7c-9cd2-6a73a2c8d544'),
 ('135', '93', '57', '28', '0', '1', '2017-02-13 22:00:07', '2017-02-13 22:00:07', 'a5fb4b01-949d-4485-9a4e-9307952a59e0'),
 ('143', '95', '59', '48', '1', '1', '2017-02-13 22:02:16', '2017-02-13 22:02:16', '565f0923-d94d-40a1-8acc-9f836951b333'),
 ('144', '95', '59', '51', '0', '2', '2017-02-13 22:02:16', '2017-02-13 22:02:16', 'dccac9c2-d303-44f7-bff0-811e31a036f8'),
 ('145', '95', '59', '49', '0', '3', '2017-02-13 22:02:16', '2017-02-13 22:02:16', 'df3e5245-a888-4a02-8eb4-4cc03a91356e'),
 ('146', '95', '59', '50', '0', '4', '2017-02-13 22:02:16', '2017-02-13 22:02:16', '3e6c1a54-9dcf-40f2-a03b-77074f6be315'),
 ('147', '95', '59', '47', '0', '5', '2017-02-13 22:02:16', '2017-02-13 22:02:16', '91bd1a3b-6572-44e0-a534-eebf1fd472b6'),
 ('148', '95', '59', '53', '0', '6', '2017-02-13 22:02:16', '2017-02-13 22:02:16', 'f6d9c176-bd49-47fa-b4fa-a435b2eb3d55'),
 ('149', '95', '59', '52', '0', '7', '2017-02-13 22:02:16', '2017-02-13 22:02:16', '07dbd17c-a8c7-4af3-9c9e-260adbe43516'),
 ('150', '95', '59', '64', '0', '8', '2017-02-13 22:02:16', '2017-02-13 22:02:16', '2f858fdb-a311-470a-b3ac-aa300525ddb3'),
 ('151', '96', '60', '30', '1', '1', '2017-02-13 22:02:46', '2017-02-13 22:02:46', 'c24825c6-ffc8-42d4-b013-8540c320f9b9'),
 ('152', '96', '60', '42', '0', '2', '2017-02-13 22:02:46', '2017-02-13 22:02:46', 'd8efe8e8-d8f3-47c6-8783-40d49ea602d5'),
 ('153', '96', '60', '32', '0', '3', '2017-02-13 22:02:46', '2017-02-13 22:02:46', '16cde4a8-366f-4d35-866f-8d4dedd0ea39'),
 ('154', '96', '60', '29', '0', '4', '2017-02-13 22:02:46', '2017-02-13 22:02:46', '6044ed31-302a-4aac-b7c0-fc368e384ff8'),
 ('155', '96', '60', '44', '0', '5', '2017-02-13 22:02:46', '2017-02-13 22:02:46', '41d654aa-a3c8-4ab8-bd0b-f56844766977'),
 ('156', '96', '60', '43', '0', '6', '2017-02-13 22:02:46', '2017-02-13 22:02:46', '5f151a9e-870b-44b3-a11f-caf5a06167d8'),
 ('157', '96', '60', '63', '0', '7', '2017-02-13 22:02:46', '2017-02-13 22:02:46', '8dd3d12b-cf9d-4015-880c-e8473dedfe5c'),
 ('158', '97', '61', '55', '0', '1', '2017-03-11 16:06:33', '2017-03-11 16:06:33', 'c54c702a-ae68-42b3-b369-359fb0f31da0'),
 ('159', '98', '62', '5', '0', '1', '2017-03-12 23:40:17', '2017-03-12 23:40:17', '21b1f680-6a15-4010-b859-9f2885ad02e9'),
 ('160', '98', '62', '7', '0', '2', '2017-03-12 23:40:17', '2017-03-12 23:40:17', '7ac6dcb9-c851-4fda-a28f-6dd79c5b4e4b'),
 ('161', '98', '62', '6', '0', '3', '2017-03-12 23:40:17', '2017-03-12 23:40:17', '2e392917-7e27-4b9c-933a-adc3af98645a'),
 ('162', '98', '62', '3', '0', '4', '2017-03-12 23:40:17', '2017-03-12 23:40:17', '18658c46-fce9-4a03-a82f-8ae20c7d9f35'),
 ('163', '98', '62', '1', '1', '5', '2017-03-12 23:40:17', '2017-03-12 23:40:17', '692fbc11-2da7-43aa-b9b8-30be2b66c21a'),
 ('164', '98', '62', '65', '0', '6', '2017-03-12 23:40:17', '2017-03-12 23:40:17', 'b7862068-ce36-4eb4-88d4-4f333b4f4a60'),
 ('165', '98', '62', '8', '0', '7', '2017-03-12 23:40:17', '2017-03-12 23:40:17', 'e5c265e3-2685-47bc-ac57-c9f5e203d88f'),
 ('166', '98', '62', '2', '0', '8', '2017-03-12 23:40:17', '2017-03-12 23:40:17', '92cf4351-928c-49f0-8aaf-51553acac43e'),
 ('175', '101', '65', '24', '1', '1', '2017-03-13 01:04:13', '2017-03-13 01:04:13', '3c9eba0d-0598-49ce-ac16-d92a59b26128'),
 ('176', '101', '65', '25', '1', '2', '2017-03-13 01:04:13', '2017-03-13 01:04:13', 'd6247a8a-e1af-461c-933c-a66fa6324ca5'),
 ('177', '101', '65', '26', '1', '3', '2017-03-13 01:04:13', '2017-03-13 01:04:13', 'b75874bf-2d18-44be-b383-8b803e68553f'),
 ('178', '101', '65', '27', '1', '4', '2017-03-13 01:04:13', '2017-03-13 01:04:13', '8ae08fa4-d8df-4f17-b942-786c6adc98cf'),
 ('180', '104', '67', '39', '0', '1', '2017-03-13 09:59:09', '2017-03-13 09:59:09', '792ff370-73ef-43ef-b13f-e69172432dc6');



DROP TABLE IF EXISTS `craft_fieldlayouts`;


--
-- Schema for table `craft_fieldlayouts`
--
CREATE TABLE `craft_fieldlayouts` (
  `id` int(11) NOT NULL AUTO_INCREMENT,
  `type` varchar(150) COLLATE utf8_unicode_ci NOT NULL,
  `dateCreated` datetime NOT NULL,
  `dateUpdated` datetime NOT NULL,
  `uid` char(36) COLLATE utf8_unicode_ci NOT NULL DEFAULT '0',
  PRIMARY KEY (`id`),
  KEY `craft_fieldlayouts_type_idx` (`type`)
) ENGINE=InnoDB AUTO_INCREMENT=105 DEFAULT CHARSET=utf8 COLLATE=utf8_unicode_ci;

--
-- Data for table `craft_fieldlayouts`
--

INSERT INTO `craft_fieldlayouts` (`id`, `type`, `dateCreated`, `dateUpdated`, `uid`) VALUES
 ('1', 'Tag', '2017-01-04 21:19:12', '2017-01-04 21:19:12', '15182d99-74c5-4910-b445-7347f18c59ea'),
 ('6', 'Category', '2017-02-01 20:34:46', '2017-02-01 20:34:46', '7f225548-566f-40f1-8514-8f8f27875155'),
 ('14', 'Asset', '2017-02-02 19:46:00', '2017-02-02 19:46:00', '0c3c820e-e824-4b66-abe4-57ab0baff863'),
 ('55', 'Entry', '2017-02-08 20:40:24', '2017-02-08 20:40:24', 'cb1dcd1c-2ab1-4f54-833b-5958868b65f2'),
 ('75', 'Entry', '2017-02-13 18:05:58', '2017-02-13 18:05:58', 'cabfe8f5-42e7-4236-96f2-55e60fb79743'),
 ('76', 'Category', '2017-02-13 19:23:38', '2017-02-13 19:23:38', '2500e92e-117e-423d-bc5e-88f598b7656c'),
 ('77', 'Neo_Block', '2017-02-13 19:30:06', '2017-02-13 19:30:06', 'b77dce30-7791-4508-846e-ff4ee520d950'),
 ('79', 'Entry', '2017-02-13 19:33:50', '2017-02-13 19:33:50', 'ba94afc8-b8d4-4bda-97db-3fbe27213a09'),
 ('87', 'Neo_Block', '2017-02-13 21:59:24', '2017-02-13 21:59:24', '4d0ceafb-c92b-456f-b740-dee63373fb13'),
 ('88', 'Neo_Block', '2017-02-13 21:59:24', '2017-02-13 21:59:24', 'db13981a-0b37-4d95-99a9-31e8800da43a'),
 ('89', 'Neo_Block', '2017-02-13 21:59:24', '2017-02-13 21:59:24', '59e5dcc7-0d9a-48b6-a3cc-78b4eee46674'),
 ('90', 'Neo_Block', '2017-02-13 21:59:24', '2017-02-13 21:59:24', '8bc90774-7277-4a19-8fd3-9fac64b43c8e'),
 ('91', 'Neo_Block', '2017-02-13 22:00:07', '2017-02-13 22:00:07', '6fcd5af9-24bb-49ec-86ba-60fcb8027b1d'),
 ('92', 'Neo_Block', '2017-02-13 22:00:07', '2017-02-13 22:00:07', 'fe6e8816-adee-4aa7-880e-d8572aa823ef'),
 ('93', 'Neo_Block', '2017-02-13 22:00:07', '2017-02-13 22:00:07', '2ab50899-d60f-453f-baa2-758b1d137c0a'),
 ('95', 'SuperTable_Block', '2017-02-13 22:02:16', '2017-02-13 22:02:16', 'cfbd91b9-8f4c-430c-ae1f-865cfede88d2'),
 ('96', 'SuperTable_Block', '2017-02-13 22:02:46', '2017-02-13 22:02:46', 'aa26be72-9c8f-455d-a795-0a7fde765c99'),
 ('97', 'Asset', '2017-03-11 16:06:33', '2017-03-11 16:06:33', 'df6c80c6-8377-40f0-935b-58c98ba14d72'),
 ('98', 'Entry', '2017-03-12 23:40:17', '2017-03-12 23:40:17', '729a52e1-7852-4965-afe9-9b2c31d8c158'),
 ('101', 'SuperTable_Block', '2017-03-13 01:04:13', '2017-03-13 01:04:13', 'fe663645-4676-44fa-9704-2218d2b21718'),
 ('104', 'Entry', '2017-03-13 09:59:09', '2017-03-13 09:59:09', '0bdc0f71-672b-4e0e-bb36-34dc11e5263d');



DROP TABLE IF EXISTS `craft_fieldlayouttabs`;


--
-- Schema for table `craft_fieldlayouttabs`
--
CREATE TABLE `craft_fieldlayouttabs` (
  `id` int(11) NOT NULL AUTO_INCREMENT,
  `layoutId` int(11) NOT NULL,
  `name` varchar(255) COLLATE utf8_unicode_ci NOT NULL,
  `sortOrder` smallint(6) unsigned DEFAULT NULL,
  `dateCreated` datetime NOT NULL,
  `dateUpdated` datetime NOT NULL,
  `uid` char(36) COLLATE utf8_unicode_ci NOT NULL DEFAULT '0',
  PRIMARY KEY (`id`),
  KEY `craft_fieldlayouttabs_sortOrder_idx` (`sortOrder`),
  KEY `craft_fieldlayouttabs_layoutId_fk` (`layoutId`)
) ENGINE=InnoDB AUTO_INCREMENT=68 DEFAULT CHARSET=utf8 COLLATE=utf8_unicode_ci;

--
-- Data for table `craft_fieldlayouttabs`
--

INSERT INTO `craft_fieldlayouttabs` (`id`, `layoutId`, `name`, `sortOrder`, `dateCreated`, `dateUpdated`, `uid`) VALUES
 ('30', '55', 'Work', '1', '2017-02-08 20:40:24', '2017-02-08 20:40:24', 'e0963ec0-4119-4507-aadc-4feacd6fa721'),
 ('46', '75', 'Content', '1', '2017-02-13 18:05:58', '2017-02-13 18:05:58', '951ecbdb-4df8-425d-bb64-96ecd3c18a0b'),
 ('47', '75', 'SEO', '2', '2017-02-13 18:05:58', '2017-02-13 18:05:58', '5ac8a75a-a953-48cf-a3c6-b2924086fb34'),
 ('48', '77', 'Person', '1', '2017-02-13 19:30:06', '2017-02-13 19:30:06', 'f037608a-c38c-4756-886c-06f34ab32ccd'),
 ('49', '79', 'People', '1', '2017-02-13 19:33:50', '2017-02-13 19:33:50', '0bf5bde5-3b8a-4975-81d3-608d7d3f90df'),
 ('54', '87', 'Picker', '1', '2017-02-13 21:59:24', '2017-02-13 21:59:24', '449da576-e8a5-4e27-8bf8-ae3a64c8d094'),
 ('55', '89', 'News', '1', '2017-02-13 21:59:24', '2017-02-13 21:59:24', '54b8f5ec-4b57-442b-9be8-41fdd8152a8c'),
 ('56', '90', 'Picker', '1', '2017-02-13 21:59:24', '2017-02-13 21:59:24', '0033d886-6443-4529-b15c-b9d7b7e66e58'),
 ('57', '93', 'Media', '1', '2017-02-13 22:00:07', '2017-02-13 22:00:07', 'feba6fd3-ecd8-4f4c-8538-2cac4ec9238d'),
 ('59', '95', 'Content', '1', '2017-02-13 22:02:16', '2017-02-13 22:02:16', '1b2196a8-09e6-4138-a759-7d9d54a7c4a4'),
 ('60', '96', 'Content', '1', '2017-02-13 22:02:46', '2017-02-13 22:02:46', 'f862ff26-4833-4908-bda3-c46de9a5b7f1'),
 ('61', '97', 'Content', '1', '2017-03-11 16:06:33', '2017-03-11 16:06:33', '44344b75-f50e-40c4-916c-34a7a54ef317'),
 ('62', '98', 'Content', '1', '2017-03-12 23:40:17', '2017-03-12 23:40:17', '86b4f827-b044-4f68-a729-a1a24079bf97'),
 ('65', '101', 'Content', '1', '2017-03-13 01:04:13', '2017-03-13 01:04:13', '18226278-6edc-41e8-ad63-8e174e68644c'),
 ('67', '104', 'Content', '1', '2017-03-13 09:59:09', '2017-03-13 09:59:09', '8baa75fb-79aa-4811-bcad-e1318aebef6f');



DROP TABLE IF EXISTS `craft_fields`;


--
-- Schema for table `craft_fields`
--
CREATE TABLE `craft_fields` (
  `id` int(11) NOT NULL AUTO_INCREMENT,
  `groupId` int(11) DEFAULT NULL,
  `name` varchar(255) COLLATE utf8_unicode_ci NOT NULL,
  `handle` varchar(58) COLLATE utf8_unicode_ci NOT NULL,
  `context` varchar(255) COLLATE utf8_unicode_ci NOT NULL DEFAULT 'global',
  `instructions` text COLLATE utf8_unicode_ci,
  `translatable` tinyint(1) unsigned NOT NULL DEFAULT '0',
  `type` varchar(150) COLLATE utf8_unicode_ci NOT NULL,
  `settings` text COLLATE utf8_unicode_ci,
  `dateCreated` datetime NOT NULL,
  `dateUpdated` datetime NOT NULL,
  `uid` char(36) COLLATE utf8_unicode_ci NOT NULL DEFAULT '0',
  PRIMARY KEY (`id`),
  UNIQUE KEY `craft_fields_handle_context_unq_idx` (`handle`,`context`),
  KEY `craft_fields_context_idx` (`context`),
  KEY `craft_fields_groupId_fk` (`groupId`)
) ENGINE=InnoDB AUTO_INCREMENT=66 DEFAULT CHARSET=utf8 COLLATE=utf8_unicode_ci;

--
-- Data for table `craft_fields`
--

INSERT INTO `craft_fields` (`id`, `groupId`, `name`, `handle`, `context`, `instructions`, `translatable`, `type`, `settings`, `dateCreated`, `dateUpdated`, `uid`) VALUES
 ('1', '1', 'Body', 'body', 'global', NULL, '1', 'RichText', '{\"configFile\":\"Standard.json\",\"columnType\":\"text\"}', '2017-01-04 21:19:13', '2017-01-04 21:19:13', '25bbd9b3-ffe5-4feb-9501-b3b5fffa7d14'),
 ('2', '1', 'Tags', 'tags', 'global', NULL, '0', 'Tags', '{\"source\":\"taggroup:1\"}', '2017-01-04 21:19:13', '2017-01-04 21:19:13', '87996347-28bc-44bd-861a-3a770dd33e28'),
 ('3', '3', 'Pull Quote', 'pullQuote', 'global', '', '0', 'PlainText', '{\"placeholder\":\"\",\"maxLength\":\"\",\"multiline\":\"1\",\"initialRows\":\"4\"}', '2017-02-01 20:28:32', '2017-02-01 20:28:32', '364e3402-b2eb-4bcd-bcde-97661ba98cd0'),
 ('5', '3', 'Author', 'author', 'global', '', '0', 'Users', '{\"sources\":\"*\",\"limit\":\"\",\"selectionLabel\":\"\"}', '2017-02-01 20:32:28', '2017-02-01 20:32:28', '32f25703-8afd-45a9-b1df-cf9863bff7c4'),
 ('6', '3', 'Intro', 'intro', 'global', '', '0', 'RichText', '{\"configFile\":\"\",\"availableAssetSources\":\"*\",\"availableTransforms\":\"*\",\"cleanupHtml\":\"1\",\"purifyHtml\":\"1\",\"columnType\":\"text\"}', '2017-02-01 20:32:55', '2017-02-01 20:32:55', '845778fa-2fec-41aa-a830-71fc6a204ee4'),
 ('7', '3', 'Category', 'category', 'global', '', '0', 'Categories', '{\"source\":\"group:1\",\"limit\":\"1\",\"selectionLabel\":\"\"}', '2017-02-01 20:36:29', '2017-02-01 20:36:29', '13ab3d96-98cd-49f6-ad1f-c7548f36c6fd'),
 ('8', '3', 'Header Image', 'headerImage', 'global', '', '0', 'Assets', '{\"useSingleFolder\":\"\",\"sources\":\"*\",\"defaultUploadLocationSource\":\"1\",\"defaultUploadLocationSubpath\":\"\",\"singleUploadLocationSource\":\"1\",\"singleUploadLocationSubpath\":\"\",\"restrictFiles\":\"1\",\"allowedKinds\":[\"image\"],\"limit\":\"1\",\"viewMode\":\"large\",\"selectionLabel\":\"\"}', '2017-02-01 20:41:21', '2017-02-01 20:41:21', '3de8fac6-b986-4d3f-955c-ca07f2896fc9'),
 ('22', '3', 'News Picker', 'newsPicker', 'global', '', '0', 'Entries', '{\"sources\":[\"section:2\"],\"limit\":\"\",\"selectionLabel\":\"\"}', '2017-02-02 22:54:13', '2017-02-02 22:54:13', '5dc9a79d-9efd-4bed-8685-3118a65e69ff'),
 ('23', '3', 'News 4 Up Picker', 'news4UpPicker', 'global', '', '0', 'SuperTable', '{\"columns\":{\"24\":{\"width\":\"\"},\"25\":{\"width\":\"\"},\"26\":{\"width\":\"\"},\"27\":{\"width\":\"\"}},\"fieldLayout\":\"row\",\"staticField\":\"1\",\"selectionLabel\":\"Add a row\",\"maxRows\":null}', '2017-02-02 23:00:22', '2017-03-13 01:04:13', 'e4d8a8a9-bfe1-40ce-aba4-617e978fb431'),
 ('24', NULL, 'Item 1', 'item1', 'superTableBlockType:2', '', '0', 'Entries', '{\"sources\":[\"section:2\"],\"limit\":\"1\",\"selectionLabel\":\"\"}', '2017-02-02 23:00:22', '2017-03-13 01:04:13', 'e6a25773-60bd-44a8-ab77-5369ea0de4f0'),
 ('25', NULL, 'Item 2', 'item2', 'superTableBlockType:2', '', '0', 'Entries', '{\"sources\":[\"section:2\"],\"limit\":\"1\",\"selectionLabel\":\"\"}', '2017-02-02 23:00:22', '2017-03-13 01:04:13', '3498e927-39ce-4027-a1e2-74688221448b'),
 ('26', NULL, 'Item 3', 'item3', 'superTableBlockType:2', '', '0', 'Entries', '{\"sources\":[\"section:2\"],\"limit\":\"1\",\"selectionLabel\":\"\"}', '2017-02-02 23:00:22', '2017-03-13 01:04:13', '9078f61d-b4c3-41a4-aacf-130921de65c3'),
 ('27', NULL, 'Item 4', 'item4', 'superTableBlockType:2', '', '0', 'Entries', '{\"sources\":[\"section:2\"],\"limit\":\"1\",\"selectionLabel\":\"\"}', '2017-02-02 23:00:22', '2017-03-13 01:04:13', '1cee42bd-68f1-416b-ba95-974f5ce37b09'),
 ('28', '5', 'Media Picker', 'mediaPicker', 'global', '', '0', 'SuperTable', '{\"columns\":{\"30\":{\"width\":\"\"},\"42\":{\"width\":\"\"},\"32\":{\"width\":\"\"},\"29\":{\"width\":\"\"},\"44\":{\"width\":\"\"},\"43\":{\"width\":\"\"},\"63\":{\"width\":\"\"}},\"fieldLayout\":\"row\",\"staticField\":\"1\",\"selectionLabel\":\"Add a row\",\"maxRows\":\"1\"}', '2017-02-02 23:04:58', '2017-02-13 22:02:46', '7d556889-0a6e-4e53-96ba-a20c33361c22'),
 ('29', NULL, 'Image', 'image', 'superTableBlockType:3', '', '0', 'Assets', '{\"useSingleFolder\":\"1\",\"sources\":[\"folder:1\"],\"defaultUploadLocationSource\":\"1\",\"defaultUploadLocationSubpath\":\"\",\"singleUploadLocationSource\":\"1\",\"singleUploadLocationSubpath\":\"\",\"restrictFiles\":\"1\",\"allowedKinds\":[\"image\"],\"limit\":\"1\",\"viewMode\":\"list\",\"selectionLabel\":\"\"}', '2017-02-02 23:04:58', '2017-02-13 22:02:46', '296dce41-9ebc-4852-b568-6a069543642b'),
 ('30', NULL, 'Title', 'titleField', 'superTableBlockType:3', '', '0', 'PlainText', '{\"placeholder\":\"\",\"maxLength\":\"\",\"multiline\":\"\",\"initialRows\":\"4\"}', '2017-02-02 23:04:58', '2017-02-13 22:02:46', 'fba3c38c-ed90-4f72-81e1-fc81d106aed1'),
 ('32', NULL, 'Client', 'client', 'superTableBlockType:3', '', '0', 'PlainText', '{\"placeholder\":\"\",\"maxLength\":\"\",\"multiline\":\"\",\"initialRows\":\"4\"}', '2017-02-02 23:04:58', '2017-02-13 22:02:46', '3ac58693-aa5a-4210-878f-ccd99873c466'),
 ('33', '4', 'Homepage Layout', 'homepageLayout', 'global', '', '0', 'Neo', '{\"maxBlocks\":null}', '2017-02-02 23:08:29', '2017-02-13 21:59:24', '8e51b3c7-0993-48e4-9508-e22ab9f88236'),
 ('34', '5', 'Image', 'image', 'global', '', '0', 'Assets', '{\"useSingleFolder\":\"1\",\"sources\":\"*\",\"defaultUploadLocationSource\":\"1\",\"defaultUploadLocationSubpath\":\"\",\"singleUploadLocationSource\":\"1\",\"singleUploadLocationSubpath\":\"\",\"restrictFiles\":\"1\",\"allowedKinds\":[\"image\"],\"limit\":\"1\",\"viewMode\":\"list\",\"selectionLabel\":\"\"}', '2017-02-03 21:13:51', '2017-02-03 21:13:51', 'f18095c7-2a8c-443d-8b93-ce4f42604772'),
 ('35', '5', 'Media Name', 'mediaName', 'global', '', '0', 'PlainText', '{\"placeholder\":\"\",\"maxLength\":\"\",\"multiline\":\"\",\"initialRows\":\"4\"}', '2017-02-03 21:14:19', '2017-02-08 19:13:29', 'db0a6cd0-7e2b-467f-915c-bdca83e05c86'),
 ('36', '5', 'Media Link', 'mediaLink', 'global', '', '0', 'Entries', '{\"sources\":\"*\",\"limit\":\"1\",\"selectionLabel\":\"\"}', '2017-02-03 21:15:08', '2017-02-08 19:13:16', '8116d042-1c36-4563-b066-1922e52d4f5a'),
 ('37', '5', 'Media Client', 'mediaClient', 'global', '', '0', 'PlainText', '{\"placeholder\":\"\",\"maxLength\":\"\",\"multiline\":\"\",\"initialRows\":\"4\"}', '2017-02-03 21:15:37', '2017-02-08 19:12:57', 'feae5f98-6551-42c6-87be-7e3ac5b552fb'),
 ('38', '5', 'Video URL', 'videoUrl', 'global', 'Enter the URL to the video from the video host (Vimeo)', '0', 'PlainText', '{\"placeholder\":\"\",\"maxLength\":\"\",\"multiline\":\"\",\"initialRows\":\"4\"}', '2017-02-08 18:11:07', '2017-02-08 19:10:49', 'c272c205-2842-405c-bbeb-14b3fa9638f1'),
 ('39', '4', 'Work Layout', 'workLayout', 'global', '', '0', 'Neo', '{\"maxBlocks\":null}', '2017-02-08 19:09:29', '2017-02-13 22:00:07', 'a731b851-5c24-45fa-99be-339f64b727ae'),
 ('40', '5', 'Media Type', 'mediaType', 'global', '', '0', 'ButtonBox_Buttons', '{\"displayAsGraphic\":\"\",\"displayFullwidth\":\"\",\"options\":[{\"label\":\"Image\",\"showLabel\":\"1\",\"value\":\"image\",\"imageUrl\":\"\",\"default\":\"1\"},{\"label\":\"Video\",\"showLabel\":\"1\",\"value\":\"video\",\"imageUrl\":\"\",\"default\":\"\"},{\"label\":\"Text\",\"showLabel\":\"1\",\"value\":\"text\",\"imageUrl\":\"\",\"default\":\"\"}]}', '2017-02-08 19:12:07', '2017-02-08 20:48:44', 'b761c06b-833b-425b-beee-f4321b92cb16'),
 ('41', '5', 'Text Content', 'textContent', 'global', '', '0', 'RichText', '{\"configFile\":\"\",\"availableAssetSources\":\"*\",\"availableTransforms\":\"*\",\"cleanupHtml\":\"1\",\"purifyHtml\":\"1\",\"columnType\":\"text\"}', '2017-02-08 19:23:08', '2017-02-08 19:23:08', 'a3afa5ee-6cef-4466-a3b4-53a8b0fcf8bf'),
 ('42', NULL, 'Type', 'type', 'superTableBlockType:3', '', '0', 'ButtonBox_Buttons', '{\"displayAsGraphic\":\"\",\"displayFullwidth\":\"\",\"options\":[{\"label\":\"Image\",\"showLabel\":\"1\",\"value\":\"image\",\"imageUrl\":\"\",\"default\":\"1\"},{\"label\":\"Video\",\"showLabel\":\"1\",\"value\":\"video\",\"imageUrl\":\"\",\"default\":\"\"},{\"label\":\"Text\",\"showLabel\":\"1\",\"value\":\"text\",\"imageUrl\":\"\",\"default\":\"\"}]}', '2017-02-08 20:29:51', '2017-02-13 22:02:46', '493cd4e7-6434-479e-bd7a-e92282613198'),
 ('43', NULL, 'Text', 'text', 'superTableBlockType:3', '', '0', 'RichText', '{\"configFile\":\"\",\"availableAssetSources\":\"*\",\"availableTransforms\":\"*\",\"cleanupHtml\":\"1\",\"purifyHtml\":\"1\",\"columnType\":\"text\"}', '2017-02-08 20:29:51', '2017-02-13 22:02:46', '6f9b6073-a7f1-40dd-8ff9-41bbad7ab20c'),
 ('44', NULL, 'Video URL', 'videoUrl', 'superTableBlockType:3', 'URL to video on provider (Vimeo et al)', '0', 'PlainText', '{\"placeholder\":\"\",\"maxLength\":\"\",\"multiline\":\"\",\"initialRows\":\"4\"}', '2017-02-08 20:29:51', '2017-02-13 22:02:46', 'dd7d1154-ca39-45e7-a9d9-f34b1ab83446'),
 ('45', '1', 'Name', 'nameField', 'global', '', '0', 'PlainText', '{\"placeholder\":\"\",\"maxLength\":\"\",\"multiline\":\"\",\"initialRows\":\"4\"}', '2017-02-08 20:39:55', '2017-02-08 20:39:55', '26e6446d-32a8-4392-9472-a736c2388123'),
 ('46', '5', 'Media Picker (w. Link)', 'mediaPickerWLink', 'global', '', '0', 'SuperTable', '{\"columns\":{\"48\":{\"width\":\"\"},\"51\":{\"width\":\"\"},\"49\":{\"width\":\"\"},\"50\":{\"width\":\"\"},\"47\":{\"width\":\"\"},\"53\":{\"width\":\"\"},\"52\":{\"width\":\"\"},\"new1\":{\"width\":\"\"}},\"fieldLayout\":\"row\",\"staticField\":\"1\",\"selectionLabel\":\"Add a row\",\"maxRows\":\"1\"}', '2017-02-08 20:48:16', '2017-02-13 22:02:16', '53ca0d5f-9751-4a35-b767-3ce830f88dff'),
 ('47', NULL, 'Image', 'image', 'superTableBlockType:4', '', '0', 'Assets', '{\"useSingleFolder\":\"1\",\"sources\":[\"folder:1\"],\"defaultUploadLocationSource\":\"1\",\"defaultUploadLocationSubpath\":\"\",\"singleUploadLocationSource\":\"1\",\"singleUploadLocationSubpath\":\"\",\"restrictFiles\":\"1\",\"allowedKinds\":[\"image\"],\"limit\":\"1\",\"viewMode\":\"list\",\"selectionLabel\":\"\"}', '2017-02-08 20:48:16', '2017-02-13 22:02:16', 'eaf9a898-2860-476e-baa1-5bcc95cdff31'),
 ('48', NULL, 'Title', 'titleField', 'superTableBlockType:4', '', '0', 'PlainText', '{\"placeholder\":\"\",\"maxLength\":\"\",\"multiline\":\"\",\"initialRows\":\"4\"}', '2017-02-08 20:48:16', '2017-02-13 22:02:16', 'bd1e5a33-4e67-44ae-a38c-b6b617b7b5e2'),
 ('49', NULL, 'Link', 'linkField', 'superTableBlockType:4', '', '0', 'Entries', '{\"sources\":\"*\",\"limit\":\"1\",\"selectionLabel\":\"\"}', '2017-02-08 20:48:16', '2017-02-13 22:02:16', '524f6141-bdf4-46c4-b265-3bfff3907210'),
 ('50', NULL, 'Client', 'client', 'superTableBlockType:4', '', '0', 'PlainText', '{\"placeholder\":\"\",\"maxLength\":\"\",\"multiline\":\"\",\"initialRows\":\"4\"}', '2017-02-08 20:48:16', '2017-02-13 22:02:16', '1f139b3e-f8b4-4b54-a682-dfccf871f0a6'),
 ('51', NULL, 'Type', 'type', 'superTableBlockType:4', '', '0', 'ButtonBox_Buttons', '{\"displayAsGraphic\":\"\",\"displayFullwidth\":\"\",\"options\":[{\"label\":\"Image\",\"showLabel\":\"1\",\"value\":\"image\",\"imageUrl\":\"\",\"default\":\"1\"},{\"label\":\"Video\",\"showLabel\":\"1\",\"value\":\"video\",\"imageUrl\":\"\",\"default\":\"\"},{\"label\":\"Text\",\"showLabel\":\"1\",\"value\":\"text\",\"imageUrl\":\"\",\"default\":\"\"}]}', '2017-02-08 20:48:16', '2017-02-13 22:02:16', 'f8ffa1a1-64b0-4355-b4e0-bb959c17986c'),
 ('52', NULL, 'Text', 'text', 'superTableBlockType:4', '', '0', 'RichText', '{\"configFile\":\"\",\"availableAssetSources\":\"*\",\"availableTransforms\":\"*\",\"cleanupHtml\":\"1\",\"purifyHtml\":\"1\",\"columnType\":\"text\"}', '2017-02-08 20:48:16', '2017-02-13 22:02:16', '09e629bf-83ec-4ec5-9732-163f95d09bd6'),
 ('53', NULL, 'Video URL', 'videoUrl', 'superTableBlockType:4', 'URL to video on provider (Vimeo et al)', '0', 'PlainText', '{\"placeholder\":\"\",\"maxLength\":\"\",\"multiline\":\"\",\"initialRows\":\"4\"}', '2017-02-08 20:48:16', '2017-02-13 22:02:16', '08b0a0a3-6d64-49f9-ab2d-b538a6071930'),
 ('55', '8', 'Alt', 'imageAlt', 'global', '', '0', 'PlainText', '{\"placeholder\":\"\",\"maxLength\":\"\",\"multiline\":\"\",\"initialRows\":\"4\"}', '2017-02-09 17:33:08', '2017-02-09 17:35:44', 'b87171d3-7e14-4b95-ba35-3dc926d45ee6'),
 ('56', '1', 'SEO Meta', 'seoMeta', 'global', '', '0', 'Seomatic_Meta', '{\"assetSources\":\"*\",\"seoMainEntityCategory\":\"CreativeWork\",\"seoTitleSource\":\"custom\",\"seoTitleSourceField\":\"title\",\"seoTitle\":\"\",\"seoTitleSourceChangeable\":\"1\",\"seoDescriptionSource\":\"custom\",\"seoDescriptionSourceField\":\"title\",\"seoDescription\":\"\",\"seoDescriptionSourceChangeable\":\"1\",\"seoKeywordsSource\":\"custom\",\"seoKeywordsSourceField\":\"title\",\"seoKeywords\":\"\",\"seoKeywordsSourceChangeable\":\"1\",\"seoImageIdSource\":\"custom\",\"seoImageIdSourceField\":\"headerImage\",\"seoImageIdSourceChangeable\":\"1\",\"seoImageTransform\":\"\",\"twitterCardType\":\"\",\"twitterCardTypeChangeable\":\"1\",\"seoTwitterImageIdSource\":\"custom\",\"seoTwitterImageIdSourceField\":\"headerImage\",\"seoTwitterImageIdSourceChangeable\":\"1\",\"seoTwitterImageTransform\":\"\",\"openGraphType\":\"\",\"openGraphTypeChangeable\":\"1\",\"seoFacebookImageIdSource\":\"custom\",\"seoFacebookImageIdSourceField\":\"headerImage\",\"seoFacebookImageIdSourceChangeable\":\"1\",\"seoFacebookImageTransform\":\"\",\"robots\":\"\",\"robotsChangeable\":\"1\"}', '2017-02-13 18:05:45', '2017-02-13 18:09:21', 'ead80f75-bb46-408c-8962-a0d2544d4251'),
 ('57', '9', 'First Name', 'firstName', 'global', '', '0', 'PlainText', '{\"placeholder\":\"\",\"maxLength\":\"\",\"multiline\":\"\",\"initialRows\":\"4\"}', '2017-02-13 19:21:52', '2017-02-13 19:21:52', '6dfd8255-d505-40b4-a9bf-ead2ce512f8b'),
 ('58', '9', 'Last Name', 'lastName', 'global', '', '0', 'PlainText', '{\"placeholder\":\"\",\"maxLength\":\"\",\"multiline\":\"\",\"initialRows\":\"4\"}', '2017-02-13 19:22:14', '2017-02-13 19:22:14', '4b38d15a-99fb-4ae1-adc4-f9ae504a9544'),
 ('59', '9', 'Role', 'role', 'global', '', '0', 'PlainText', '{\"placeholder\":\"\",\"maxLength\":\"\",\"multiline\":\"\",\"initialRows\":\"4\"}', '2017-02-13 19:22:36', '2017-02-13 19:22:36', 'a7b68368-aeb8-46ec-8e76-88c535d15067'),
 ('60', '9', 'Location', 'location', 'global', '', '0', 'Categories', '{\"source\":\"group:2\",\"limit\":\"1\",\"selectionLabel\":\"\"}', '2017-02-13 19:25:48', '2017-02-13 19:25:48', '6eca82a9-6ca7-4d47-871f-d523c1edd1cd'),
 ('61', '9', 'People', 'people', 'global', '', '0', 'Neo', '{\"maxBlocks\":null}', '2017-02-13 19:30:06', '2017-02-13 19:30:06', 'dfd62bfb-47f2-4ea4-8256-c5502bfd6e90'),
 ('62', '1', 'Text Color', 'textColor', 'global', '', '0', 'ButtonBox_Colours', '{\"options\":[{\"label\":\"White\",\"value\":\"white\",\"cssColour\":\"white\",\"default\":\"1\"},{\"label\":\"Black\",\"value\":\"black\",\"cssColour\":\"black\",\"default\":\"\"}]}', '2017-02-13 21:54:49', '2017-02-13 21:54:49', 'fae08983-5ba1-4a35-98d0-77821206b249'),
 ('63', NULL, 'Text Color', 'textColor', 'superTableBlockType:3', '', '0', 'ButtonBox_Colours', '{\"options\":[{\"label\":\"White\",\"value\":\"white\",\"cssColour\":\"white\",\"default\":\"1\"},{\"label\":\"Black\",\"value\":\"black\",\"cssColour\":\"black\",\"default\":\"\"}]}', '2017-02-13 22:01:19', '2017-02-13 22:02:46', 'e71a2a11-f324-4766-9620-4a4e5361e4c4'),
 ('64', NULL, 'Text Color', 'textColor', 'superTableBlockType:4', '', '0', 'ButtonBox_Colours', '{\"options\":[{\"label\":\"White\",\"value\":\"white\",\"cssColour\":\"white\",\"default\":\"1\"},{\"label\":\"Black\",\"value\":\"black\",\"cssColour\":\"black\",\"default\":\"\"}]}', '2017-02-13 22:02:16', '2017-02-13 22:02:16', 'cf64ad08-2b68-4a7c-b9d8-80c8cd436bd6'),
 ('65', '3', 'Color Palette', 'colorPalette', 'global', 'Select the Color Palette and matching Gradient Rollover', '0', 'Dropdown', '{\"options\":[{\"label\":\"Aqua Marine on Blue\",\"value\":\"aquaMarineOnBlue\",\"default\":\"\"},{\"label\":\"Blue on Aqua Marine\",\"value\":\"blueOnAquaMarine\",\"default\":\"\"},{\"label\":\"Orange on Sunset\",\"value\":\"orangeOnSunset\",\"default\":\"\"},{\"label\":\"Red on Brown\",\"value\":\"redOnBrown\",\"default\":\"\"},{\"label\":\"Light Blue on Yellow\",\"value\":\"lightBlueOnYellow\",\"default\":\"\"},{\"label\":\"Light Purple on Deep Purple\",\"value\":\"lightPurpleOnDeepPurple\",\"default\":\"\"}]}', '2017-03-12 23:39:23', '2017-03-12 23:39:23', 'e1032ebc-12a2-43bc-8e43-47c2e22fc7de');



DROP TABLE IF EXISTS `craft_globalsets`;


--
-- Schema for table `craft_globalsets`
--
CREATE TABLE `craft_globalsets` (
  `id` int(11) NOT NULL,
  `name` varchar(255) COLLATE utf8_unicode_ci NOT NULL,
  `handle` varchar(255) COLLATE utf8_unicode_ci NOT NULL,
  `fieldLayoutId` int(10) DEFAULT NULL,
  `dateCreated` datetime NOT NULL,
  `dateUpdated` datetime NOT NULL,
  `uid` char(36) COLLATE utf8_unicode_ci NOT NULL DEFAULT '0',
  PRIMARY KEY (`id`),
  UNIQUE KEY `craft_globalsets_name_unq_idx` (`name`),
  UNIQUE KEY `craft_globalsets_handle_unq_idx` (`handle`),
  KEY `craft_globalsets_fieldLayoutId_fk` (`fieldLayoutId`)
) ENGINE=InnoDB DEFAULT CHARSET=utf8 COLLATE=utf8_unicode_ci;

DROP TABLE IF EXISTS `craft_info`;


--
-- Schema for table `craft_info`
--
CREATE TABLE `craft_info` (
  `id` int(11) NOT NULL AUTO_INCREMENT,
  `version` varchar(50) COLLATE utf8_unicode_ci NOT NULL,
  `schemaVersion` varchar(15) COLLATE utf8_unicode_ci NOT NULL,
  `edition` tinyint(1) unsigned NOT NULL DEFAULT '0',
  `siteName` varchar(100) COLLATE utf8_unicode_ci NOT NULL,
  `siteUrl` varchar(255) COLLATE utf8_unicode_ci NOT NULL,
  `timezone` varchar(30) COLLATE utf8_unicode_ci DEFAULT NULL,
  `on` tinyint(1) unsigned NOT NULL DEFAULT '0',
  `maintenance` tinyint(1) unsigned NOT NULL DEFAULT '0',
  `dateCreated` datetime NOT NULL,
  `dateUpdated` datetime NOT NULL,
  `uid` char(36) COLLATE utf8_unicode_ci NOT NULL DEFAULT '0',
  PRIMARY KEY (`id`)
) ENGINE=InnoDB AUTO_INCREMENT=2 DEFAULT CHARSET=utf8 COLLATE=utf8_unicode_ci;

--
-- Data for table `craft_info`
--

INSERT INTO `craft_info` (`id`, `version`, `schemaVersion`, `edition`, `siteName`, `siteUrl`, `timezone`, `on`, `maintenance`, `dateCreated`, `dateUpdated`, `uid`) VALUES
 ('1', '2.6.2961', '2.6.9', '0', 'Red Peak', 'http://cms.red-peak.com', 'America/New_York', '1', '1', '2017-01-04 21:19:11', '2017-03-13 10:16:13', 'dac9d85e-1bbb-49a1-9ca5-5c11047b8d9e');



DROP TABLE IF EXISTS `craft_locales`;


--
-- Schema for table `craft_locales`
--
CREATE TABLE `craft_locales` (
  `locale` char(12) COLLATE utf8_unicode_ci NOT NULL,
  `sortOrder` smallint(6) unsigned DEFAULT NULL,
  `dateCreated` datetime NOT NULL,
  `dateUpdated` datetime NOT NULL,
  `uid` char(36) COLLATE utf8_unicode_ci NOT NULL DEFAULT '0',
  PRIMARY KEY (`locale`),
  KEY `craft_locales_sortOrder_idx` (`sortOrder`)
) ENGINE=InnoDB DEFAULT CHARSET=utf8 COLLATE=utf8_unicode_ci;

--
-- Data for table `craft_locales`
--

INSERT INTO `craft_locales` (`locale`, `sortOrder`, `dateCreated`, `dateUpdated`, `uid`) VALUES
 ('en_us', '1', '2017-01-04 21:19:11', '2017-01-04 21:19:11', '26557225-31de-45d6-b16a-3cae29c3fd0e');



DROP TABLE IF EXISTS `craft_matrixblocks`;


--
-- Schema for table `craft_matrixblocks`
--
CREATE TABLE `craft_matrixblocks` (
  `id` int(11) NOT NULL,
  `ownerId` int(11) NOT NULL,
  `fieldId` int(11) NOT NULL,
  `typeId` int(11) DEFAULT NULL,
  `sortOrder` smallint(6) unsigned DEFAULT NULL,
  `ownerLocale` char(12) COLLATE utf8_unicode_ci DEFAULT NULL,
  `dateCreated` datetime NOT NULL,
  `dateUpdated` datetime NOT NULL,
  `uid` char(36) COLLATE utf8_unicode_ci NOT NULL DEFAULT '0',
  PRIMARY KEY (`id`),
  KEY `craft_matrixblocks_ownerId_idx` (`ownerId`),
  KEY `craft_matrixblocks_fieldId_idx` (`fieldId`),
  KEY `craft_matrixblocks_typeId_idx` (`typeId`),
  KEY `craft_matrixblocks_sortOrder_idx` (`sortOrder`),
  KEY `craft_matrixblocks_ownerLocale_fk` (`ownerLocale`)
) ENGINE=InnoDB DEFAULT CHARSET=utf8 COLLATE=utf8_unicode_ci;

DROP TABLE IF EXISTS `craft_matrixblocktypes`;


--
-- Schema for table `craft_matrixblocktypes`
--
CREATE TABLE `craft_matrixblocktypes` (
  `id` int(11) NOT NULL AUTO_INCREMENT,
  `fieldId` int(11) NOT NULL,
  `fieldLayoutId` int(11) DEFAULT NULL,
  `name` varchar(255) COLLATE utf8_unicode_ci NOT NULL,
  `handle` varchar(255) COLLATE utf8_unicode_ci NOT NULL,
  `sortOrder` smallint(6) unsigned DEFAULT NULL,
  `dateCreated` datetime NOT NULL,
  `dateUpdated` datetime NOT NULL,
  `uid` char(36) COLLATE utf8_unicode_ci NOT NULL DEFAULT '0',
  PRIMARY KEY (`id`),
  UNIQUE KEY `craft_matrixblocktypes_name_fieldId_unq_idx` (`name`,`fieldId`),
  UNIQUE KEY `craft_matrixblocktypes_handle_fieldId_unq_idx` (`handle`,`fieldId`),
  KEY `craft_matrixblocktypes_fieldId_fk` (`fieldId`),
  KEY `craft_matrixblocktypes_fieldLayoutId_fk` (`fieldLayoutId`)
) ENGINE=InnoDB AUTO_INCREMENT=4 DEFAULT CHARSET=utf8 COLLATE=utf8_unicode_ci;

DROP TABLE IF EXISTS `craft_migrations`;


--
-- Schema for table `craft_migrations`
--
CREATE TABLE `craft_migrations` (
  `id` int(11) NOT NULL AUTO_INCREMENT,
  `pluginId` int(11) DEFAULT NULL,
  `version` varchar(255) COLLATE utf8_unicode_ci NOT NULL,
  `applyTime` datetime NOT NULL,
  `dateCreated` datetime NOT NULL,
  `dateUpdated` datetime NOT NULL,
  `uid` char(36) COLLATE utf8_unicode_ci NOT NULL DEFAULT '0',
  PRIMARY KEY (`id`),
  UNIQUE KEY `craft_migrations_version_unq_idx` (`version`),
  KEY `craft_migrations_pluginId_fk` (`pluginId`)
) ENGINE=InnoDB AUTO_INCREMENT=77 DEFAULT CHARSET=utf8 COLLATE=utf8_unicode_ci;

--
-- Data for table `craft_migrations`
--

INSERT INTO `craft_migrations` (`id`, `pluginId`, `version`, `applyTime`, `dateCreated`, `dateUpdated`, `uid`) VALUES
 ('1', NULL, 'm000000_000000_base', '2017-01-04 21:19:11', '2017-01-04 21:19:11', '2017-01-04 21:19:11', '2326594a-b727-4ae0-b7da-f73bd0feff60'),
 ('2', NULL, 'm140730_000001_add_filename_and_format_to_transformindex', '2017-01-04 21:19:11', '2017-01-04 21:19:11', '2017-01-04 21:19:11', '055bfb36-68da-4ba2-b9cb-30e6e8d738cb'),
 ('3', NULL, 'm140815_000001_add_format_to_transforms', '2017-01-04 21:19:11', '2017-01-04 21:19:11', '2017-01-04 21:19:11', 'ebddd222-2ba4-4bf3-914e-98ee20ab173f'),
 ('4', NULL, 'm140822_000001_allow_more_than_128_items_per_field', '2017-01-04 21:19:11', '2017-01-04 21:19:11', '2017-01-04 21:19:11', '5655d322-b07e-40e5-abac-af0f7333cfe3'),
 ('5', NULL, 'm140829_000001_single_title_formats', '2017-01-04 21:19:11', '2017-01-04 21:19:11', '2017-01-04 21:19:11', '04d3294a-c1ee-4648-be3d-bd346e66a5ba'),
 ('6', NULL, 'm140831_000001_extended_cache_keys', '2017-01-04 21:19:11', '2017-01-04 21:19:11', '2017-01-04 21:19:11', '6ee53706-6e86-4ebd-87f3-6bd7ab2df854'),
 ('7', NULL, 'm140922_000001_delete_orphaned_matrix_blocks', '2017-01-04 21:19:11', '2017-01-04 21:19:11', '2017-01-04 21:19:11', 'a8d099e9-c1a7-4b7d-a8c2-81f802c18206'),
 ('8', NULL, 'm141008_000001_elements_index_tune', '2017-01-04 21:19:11', '2017-01-04 21:19:11', '2017-01-04 21:19:11', 'e44269c1-1f5a-48ba-b9a7-04f8d4a78783'),
 ('9', NULL, 'm141009_000001_assets_source_handle', '2017-01-04 21:19:11', '2017-01-04 21:19:11', '2017-01-04 21:19:11', 'dd3ca3bc-e0a1-41f5-bfea-b5e5cd9bcca4'),
 ('10', NULL, 'm141024_000001_field_layout_tabs', '2017-01-04 21:19:11', '2017-01-04 21:19:11', '2017-01-04 21:19:11', '687a33d3-2a9c-4635-9ab4-d9515f9252ad'),
 ('11', NULL, 'm141030_000000_plugin_schema_versions', '2017-01-04 21:19:11', '2017-01-04 21:19:11', '2017-01-04 21:19:11', 'bf027027-2162-486b-a71f-9911cbcae9af'),
 ('12', NULL, 'm141030_000001_drop_structure_move_permission', '2017-01-04 21:19:11', '2017-01-04 21:19:11', '2017-01-04 21:19:11', 'efbe395f-7ab4-48bd-a41d-3b1b76e9a549'),
 ('13', NULL, 'm141103_000001_tag_titles', '2017-01-04 21:19:11', '2017-01-04 21:19:11', '2017-01-04 21:19:11', '44a0fecf-0f10-4ad3-a322-dedd72dad854'),
 ('14', NULL, 'm141109_000001_user_status_shuffle', '2017-01-04 21:19:11', '2017-01-04 21:19:11', '2017-01-04 21:19:11', '382ec1c4-8361-45e2-8e3a-f82088ce05c1'),
 ('15', NULL, 'm141126_000001_user_week_start_day', '2017-01-04 21:19:11', '2017-01-04 21:19:11', '2017-01-04 21:19:11', '4bc00b2b-39b4-437e-997f-5e6e876e5c40'),
 ('16', NULL, 'm150210_000001_adjust_user_photo_size', '2017-01-04 21:19:11', '2017-01-04 21:19:11', '2017-01-04 21:19:11', 'bf63a6f5-2c17-439a-a9fe-bba084a9daab'),
 ('17', NULL, 'm150724_000001_adjust_quality_settings', '2017-01-04 21:19:11', '2017-01-04 21:19:11', '2017-01-04 21:19:11', 'd0cc2649-8d33-48ea-86d5-daaaf1be6056'),
 ('18', NULL, 'm150827_000000_element_index_settings', '2017-01-04 21:19:11', '2017-01-04 21:19:11', '2017-01-04 21:19:11', 'fa22b9c5-7f46-4c73-bc88-24925d85ab2e'),
 ('19', NULL, 'm150918_000001_add_colspan_to_widgets', '2017-01-04 21:19:11', '2017-01-04 21:19:11', '2017-01-04 21:19:11', '9630ad7e-0f48-4102-ab1c-005cad37bfad'),
 ('20', NULL, 'm151007_000000_clear_asset_caches', '2017-01-04 21:19:11', '2017-01-04 21:19:11', '2017-01-04 21:19:11', '2142993e-1e2b-4be6-b10d-afd052dcc4c9'),
 ('21', NULL, 'm151109_000000_text_url_formats', '2017-01-04 21:19:11', '2017-01-04 21:19:11', '2017-01-04 21:19:11', '094dfa97-db87-4042-873f-190452cd117d'),
 ('22', NULL, 'm151110_000000_move_logo', '2017-01-04 21:19:11', '2017-01-04 21:19:11', '2017-01-04 21:19:11', 'b21f990d-c58a-4db6-9221-5da0af2ae60f'),
 ('23', NULL, 'm151117_000000_adjust_image_widthheight', '2017-01-04 21:19:11', '2017-01-04 21:19:11', '2017-01-04 21:19:11', '062b5827-4b90-4448-9db5-c3463af4e615'),
 ('24', NULL, 'm151127_000000_clear_license_key_status', '2017-01-04 21:19:11', '2017-01-04 21:19:11', '2017-01-04 21:19:11', '0618f4ba-4f44-464b-9ec3-e387d2ab579b'),
 ('25', NULL, 'm151127_000000_plugin_license_keys', '2017-01-04 21:19:11', '2017-01-04 21:19:11', '2017-01-04 21:19:11', '074354cc-0cde-45c7-b0e9-af6347ed381b'),
 ('26', NULL, 'm151130_000000_update_pt_widget_feeds', '2017-01-04 21:19:11', '2017-01-04 21:19:11', '2017-01-04 21:19:11', 'af9deb76-1eae-41c9-a413-934fa5ec2f10'),
 ('27', NULL, 'm160114_000000_asset_sources_public_url_default_true', '2017-01-04 21:19:11', '2017-01-04 21:19:11', '2017-01-04 21:19:11', '95e4e38f-d7be-49a8-aa57-053a30498bdd'),
 ('28', NULL, 'm160223_000000_sortorder_to_smallint', '2017-01-04 21:19:11', '2017-01-04 21:19:11', '2017-01-04 21:19:11', 'e7a0a48d-815a-4814-8abf-ebb08b51ebe9'),
 ('29', NULL, 'm160229_000000_set_default_entry_statuses', '2017-01-04 21:19:11', '2017-01-04 21:19:11', '2017-01-04 21:19:11', '636bdb2d-3790-4910-9407-3980139dfaa6'),
 ('30', NULL, 'm160304_000000_client_permissions', '2017-01-04 21:19:11', '2017-01-04 21:19:11', '2017-01-04 21:19:11', 'aa05bae7-3315-4217-8e87-39c26f6ad54d'),
 ('31', NULL, 'm160322_000000_asset_filesize', '2017-01-04 21:19:11', '2017-01-04 21:19:11', '2017-01-04 21:19:11', '1c97b785-9c35-4ab6-81eb-775c7baf4189'),
 ('32', NULL, 'm160503_000000_orphaned_fieldlayouts', '2017-01-04 21:19:11', '2017-01-04 21:19:11', '2017-01-04 21:19:11', '0abf15c9-b58a-4b7b-b969-4761f488b055'),
 ('33', NULL, 'm160510_000000_tasksettings', '2017-01-04 21:19:11', '2017-01-04 21:19:11', '2017-01-04 21:19:11', '9f74dd43-75db-45ee-90b0-bd72a9ff2eae'),
 ('34', NULL, 'm160829_000000_pending_user_content_cleanup', '2017-01-04 21:19:11', '2017-01-04 21:19:11', '2017-01-04 21:19:11', 'adbf6921-b87b-471d-b8a2-ec0f15fc1942'),
 ('35', NULL, 'm160830_000000_asset_index_uri_increase', '2017-01-04 21:19:11', '2017-01-04 21:19:11', '2017-01-04 21:19:11', '36651620-f7de-4d53-9809-dd65cf849477'),
 ('36', NULL, 'm160919_000000_usergroup_handle_title_unique', '2017-01-04 21:19:11', '2017-01-04 21:19:11', '2017-01-04 21:19:11', '2aa9d003-e156-4c92-92a1-4348c7c95670'),
 ('37', NULL, 'm161108_000000_new_version_format', '2017-01-04 21:19:11', '2017-01-04 21:19:11', '2017-01-04 21:19:11', 'c923f3d3-d282-4752-b62c-f6f47f96085c'),
 ('38', NULL, 'm161109_000000_index_shuffle', '2017-01-04 21:19:11', '2017-01-04 21:19:11', '2017-01-04 21:19:11', '4991397d-3a65-4ab1-821d-aa27696d92bb'),
 ('39', '1', 'm160117_000000_reasons_addFieldLayoutIdColumn', '2017-02-01 19:46:55', '2017-02-01 19:46:55', '2017-02-01 19:46:55', '55ce7845-1dbd-482a-b155-795dae5de1f4'),
 ('40', '3', 'm160208_010101_FruitLinkIt_UpdateExistingLinkItFields', '2017-02-01 21:20:00', '2017-02-01 21:20:00', '2017-02-01 21:20:00', '451062b3-030e-4073-99e6-8e032421f0b7'),
 ('41', '4', 'm160428_202308_Neo_UpdateBlockLevels', '2017-02-01 21:20:06', '2017-02-01 21:20:06', '2017-02-01 21:20:06', '930f92c6-cb70-477c-9116-2af00bc030ef'),
 ('42', '4', 'm160515_005002_Neo_UpdateBlockStructure', '2017-02-01 21:20:06', '2017-02-01 21:20:06', '2017-02-01 21:20:06', '552b5be9-b1cd-47a8-8769-6f66a3df1259'),
 ('43', '4', 'm160605_191540_Neo_UpdateBlockStructureLocales', '2017-02-01 21:20:06', '2017-02-01 21:20:06', '2017-02-01 21:20:06', 'b2030872-12a8-4419-821f-40fce565481b'),
 ('44', '4', 'm161029_230849_Neo_AddMaxChildBlocksSetting', '2017-02-01 21:20:06', '2017-02-01 21:20:06', '2017-02-01 21:20:06', '5e80560c-d28c-4a3a-bd5b-296d660a9e10'),
 ('45', '6', 'm150901_144609_superTable_fixForContentTables', '2017-02-01 21:20:24', '2017-02-01 21:20:24', '2017-02-01 21:20:24', 'c4f43586-9b54-4a10-acc9-c6ce6ee53943'),
 ('46', '11', 'm151016_151424_pimpmymatrix_add_block_types_table', '2017-02-01 21:45:32', '2017-02-01 21:45:32', '2017-02-01 21:45:32', '4db1c89d-8ed5-48ff-93fd-d0af9b0c8e64'),
 ('47', '11', 'm151027_103010_pimpmymatrix_migrate_old_settings', '2017-02-01 21:45:32', '2017-02-01 21:45:32', '2017-02-01 21:45:32', '75c136ad-f001-4f70-8df1-696d1ca0adbd'),
 ('48', '15', 'm150212_145000_AmNav_renamePagesToNodes', '2017-02-01 21:55:37', '2017-02-01 21:55:37', '2017-02-01 21:55:37', '6699a61a-7896-46ca-9b3e-a07ce3257370'),
 ('49', '15', 'm150217_112800_AmNav_expandPageData', '2017-02-01 21:55:37', '2017-02-01 21:55:37', '2017-02-01 21:55:37', '644aece9-1335-4661-b53f-26451dece71c'),
 ('50', '15', 'm150403_093000_AmNav_nodesWithElements', '2017-02-01 21:55:37', '2017-02-01 21:55:37', '2017-02-01 21:55:37', 'a8448a86-f389-479b-a672-aa6ad5af0a76'),
 ('51', '15', 'm150512_105600_AmNav_addOptionalClass', '2017-02-01 21:55:37', '2017-02-01 21:55:37', '2017-02-01 21:55:37', '960d4be7-5cbf-42ed-ba60-fd6ab02811ec'),
 ('52', '18', 'm151225_000000_seomatic_addHumansField', '2017-02-01 22:02:08', '2017-02-01 22:02:08', '2017-02-01 22:02:08', '7f49b036-ff52-45a1-a470-8395cb95e50d'),
 ('53', '18', 'm151226_000000_seomatic_addTwitterFacebookFields', '2017-02-01 22:02:08', '2017-02-01 22:02:08', '2017-02-01 22:02:08', 'fde8b808-7b5e-4424-963f-970c83fa12bc'),
 ('54', '18', 'm160101_000000_seomatic_addRobotsFields', '2017-02-01 22:02:08', '2017-02-01 22:02:08', '2017-02-01 22:02:08', 'c47b2704-63a5-4036-94ce-266710cdeef9'),
 ('55', '18', 'm160111_000000_seomatic_addTitleFields', '2017-02-01 22:02:08', '2017-02-01 22:02:08', '2017-02-01 22:02:08', 'fa7e32eb-a358-4c2f-8fd6-474f2c037caf'),
 ('56', '18', 'm160122_000000_seomatic_addTypeFields', '2017-02-01 22:02:08', '2017-02-01 22:02:08', '2017-02-01 22:02:08', 'e4acaa42-ce67-49d2-a504-014d7d6a240a'),
 ('57', '18', 'm160123_000000_seomatic_addOpeningHours', '2017-02-01 22:02:08', '2017-02-01 22:02:08', '2017-02-01 22:02:08', '2993b78c-fe3b-4ce0-9280-dfe7d74d2a03'),
 ('58', '18', 'm160202_000000_seomatic_addSocialHandles', '2017-02-01 22:02:08', '2017-02-01 22:02:08', '2017-02-01 22:02:08', '0beff8bc-b7af-41cf-9eb5-9d38afc38cbe'),
 ('59', '18', 'm160204_000000_seomatic_addGoogleAnalytics', '2017-02-01 22:02:08', '2017-02-01 22:02:08', '2017-02-01 22:02:08', '99ba77c7-f2e5-43b8-b443-279e20e1ac1f'),
 ('60', '18', 'm160205_000000_seomatic_addResturantMenu', '2017-02-01 22:02:08', '2017-02-01 22:02:08', '2017-02-01 22:02:08', '2bcaa548-74ed-483b-9269-60d209509b56'),
 ('61', '18', 'm160206_000000_seomatic_addGoogleAnalyticsPlugins', '2017-02-01 22:02:08', '2017-02-01 22:02:08', '2017-02-01 22:02:08', 'a971fbdb-c109-4147-945d-98157789aef1'),
 ('62', '18', 'm160206_000000_seomatic_addGoogleAnalyticsSendPageView', '2017-02-01 22:02:08', '2017-02-01 22:02:08', '2017-02-01 22:02:08', '08352d7c-26ac-46a2-a5a5-8cbd4f43845a'),
 ('63', '18', 'm160209_000000_seomatic_alterDescriptionsColumns', '2017-02-01 22:02:08', '2017-02-01 22:02:08', '2017-02-01 22:02:08', '671d828e-18cf-412e-aa4e-087796348368'),
 ('64', '18', 'm160209_000001_seomatic_addRobotsTxt', '2017-02-01 22:02:08', '2017-02-01 22:02:08', '2017-02-01 22:02:08', 'd1c70ec4-3779-4868-84c7-001f0bf4b59c'),
 ('65', '18', 'm160227_000000_seomatic_addFacebookAppId', '2017-02-01 22:02:08', '2017-02-01 22:02:08', '2017-02-01 22:02:08', 'bb0deacd-0e17-4945-a4d9-adb2f48cf8c2'),
 ('66', '18', 'm160416_000000_seomatic_addContactPoints', '2017-02-01 22:02:08', '2017-02-01 22:02:08', '2017-02-01 22:02:08', 'c24e61a9-35da-4f8d-93ff-44fbbdbd3377'),
 ('67', '18', 'm160509_000000_seomatic_addSiteLinksBing', '2017-02-01 22:02:08', '2017-02-01 22:02:08', '2017-02-01 22:02:08', '76d43c27-a31a-4b14-b560-43d0270db41f'),
 ('68', '18', 'm160707_000000_seomatic_addGoogleTagManager', '2017-02-01 22:02:08', '2017-02-01 22:02:08', '2017-02-01 22:02:08', '9b526c60-f47d-4561-a1b1-15a27d408a76'),
 ('69', '18', 'm160715_000000_seomatic_addSeoImageTransforms', '2017-02-01 22:02:08', '2017-02-01 22:02:08', '2017-02-01 22:02:08', '75b297ff-50a6-4e7d-bc41-cb28116bed72'),
 ('70', '18', 'm160723_000000_seomatic_addSeoMainEntityOfPage', '2017-02-01 22:02:08', '2017-02-01 22:02:08', '2017-02-01 22:02:08', 'c3cd013a-fdb0-4f27-8fbd-2e1d0b58002a'),
 ('71', '18', 'm160724_000000_seomatic_addSeoMainEntityCategory', '2017-02-01 22:02:08', '2017-02-01 22:02:08', '2017-02-01 22:02:08', '1ce11cfb-9616-4369-a346-7f45114c31e9'),
 ('72', '18', 'm160811_000000_seomatic_addVimeo', '2017-02-01 22:02:08', '2017-02-01 22:02:08', '2017-02-01 22:02:08', 'c4a9683a-1695-4e54-9df2-3961db2dc6d1'),
 ('73', '18', 'm160904_000000_seomatic_addTwitterFacebookImages', '2017-02-01 22:02:08', '2017-02-01 22:02:08', '2017-02-01 22:02:08', '0d6181e2-e11d-4715-8d65-964d6610b79c'),
 ('74', '18', 'm161220_000000_seomatic_addPriceRange', '2017-02-01 22:02:08', '2017-02-01 22:02:08', '2017-02-01 22:02:08', 'a2a35a4a-5a98-42fd-97d6-5b270111d87a'),
 ('75', '18', 'm170212_000000_seomatic_addGoogleAnalyticsAnonymizeIp', '2017-02-13 20:11:45', '2017-02-13 20:11:45', '2017-02-13 20:11:45', '50018fc9-ad37-4c85-be80-36ad3b1c852a'),
 ('76', '18', 'm170212_000000_seomatic_addWikipedia', '2017-02-13 20:11:45', '2017-02-13 20:11:45', '2017-02-13 20:11:45', '4163ed6e-3f07-42da-a65d-299a5fa2c4c2');



DROP TABLE IF EXISTS `craft_neoblocks`;


--
-- Schema for table `craft_neoblocks`
--
CREATE TABLE `craft_neoblocks` (
  `id` int(11) NOT NULL,
  `ownerId` int(11) NOT NULL,
  `fieldId` int(11) NOT NULL,
  `typeId` int(11) DEFAULT NULL,
  `collapsed` tinyint(1) unsigned NOT NULL DEFAULT '0',
  `ownerLocale` char(12) COLLATE utf8_unicode_ci DEFAULT NULL,
  `dateCreated` datetime NOT NULL,
  `dateUpdated` datetime NOT NULL,
  `uid` char(36) COLLATE utf8_unicode_ci NOT NULL DEFAULT '0',
  PRIMARY KEY (`id`),
  KEY `craft_neoblocks_ownerId_idx` (`ownerId`),
  KEY `craft_neoblocks_fieldId_idx` (`fieldId`),
  KEY `craft_neoblocks_typeId_idx` (`typeId`),
  KEY `craft_neoblocks_collapsed_idx` (`collapsed`),
  KEY `craft_neoblocks_ownerLocale_fk` (`ownerLocale`)
) ENGINE=InnoDB DEFAULT CHARSET=utf8 COLLATE=utf8_unicode_ci;

--
-- Data for table `craft_neoblocks`
--

INSERT INTO `craft_neoblocks` (`id`, `ownerId`, `fieldId`, `typeId`, `collapsed`, `ownerLocale`, `dateCreated`, `dateUpdated`, `uid`) VALUES
 ('15', '2', '33', '5', '0', NULL, '2017-03-11 16:08:09', '2017-03-11 16:08:09', '1bece3c2-e7d4-435c-90b0-607372638823'),
 ('16', '2', '33', '8', '0', NULL, '2017-03-11 16:08:09', '2017-03-13 09:38:05', 'd37a7996-10b0-4b62-be47-50e4b6b69390'),
 ('21', '2', '33', '7', '0', NULL, '2017-03-12 23:49:45', '2017-03-12 23:49:45', '573ed683-6255-4cac-b0c9-55eacc8d3431'),
 ('26', '2', '33', '6', '0', NULL, '2017-03-13 00:44:24', '2017-03-13 00:44:24', '7a5de61e-8228-4ac1-9c96-9663ac0dfe8c'),
 ('27', '2', '33', '8', '0', NULL, '2017-03-13 00:44:24', '2017-03-13 00:44:24', 'ea3cd33d-24af-4577-92de-bd9bcc4ed8b1'),
 ('29', '2', '33', '8', '0', NULL, '2017-03-13 00:44:24', '2017-03-13 00:50:48', '7034f6b8-e575-4ec6-9cf3-047f17a061e4'),
 ('32', '31', '39', '9', '0', NULL, '2017-03-13 09:46:25', '2017-03-13 09:46:25', '2f135f84-8ea5-4aec-8e62-a134a7aa8314'),
 ('33', '31', '39', '11', '0', NULL, '2017-03-13 09:46:25', '2017-03-13 09:46:25', '6e0273c2-af53-4e5d-9974-9e87b92eacbd'),
 ('35', '31', '39', '10', '0', NULL, '2017-03-13 09:46:25', '2017-03-13 09:46:25', 'c41353a5-5fb8-4b55-bff1-b5a6b7c5c670'),
 ('36', '31', '39', '11', '0', NULL, '2017-03-13 09:46:26', '2017-03-13 09:46:26', '520b2523-4b8e-4051-8b3a-149c39922a47'),
 ('38', '31', '39', '11', '0', NULL, '2017-03-13 09:46:26', '2017-03-13 09:46:26', 'b1730665-d06b-408a-b7a6-9765ebd1a0c0');



DROP TABLE IF EXISTS `craft_neoblockstructures`;


--
-- Schema for table `craft_neoblockstructures`
--
CREATE TABLE `craft_neoblockstructures` (
  `id` int(11) NOT NULL AUTO_INCREMENT,
  `structureId` int(11) NOT NULL,
  `ownerId` int(11) NOT NULL,
  `fieldId` int(11) NOT NULL,
  `ownerLocale` char(12) COLLATE utf8_unicode_ci DEFAULT NULL,
  `dateCreated` datetime NOT NULL,
  `dateUpdated` datetime NOT NULL,
  `uid` char(36) COLLATE utf8_unicode_ci NOT NULL DEFAULT '0',
  PRIMARY KEY (`id`),
  KEY `craft_neoblockstructures_structureId_idx` (`structureId`),
  KEY `craft_neoblockstructures_ownerId_idx` (`ownerId`),
  KEY `craft_neoblockstructures_fieldId_idx` (`fieldId`),
  KEY `craft_neoblockstructures_ownerLocale_fk` (`ownerLocale`)
) ENGINE=InnoDB AUTO_INCREMENT=11 DEFAULT CHARSET=utf8 COLLATE=utf8_unicode_ci;

--
-- Data for table `craft_neoblockstructures`
--

INSERT INTO `craft_neoblockstructures` (`id`, `structureId`, `ownerId`, `fieldId`, `ownerLocale`, `dateCreated`, `dateUpdated`, `uid`) VALUES
 ('2', '3', '8', '39', NULL, '2017-02-08 20:44:06', '2017-02-08 20:44:06', 'e9c24f74-18ee-4194-bb00-602a007fac3d'),
 ('7', '9', '2', '33', NULL, '2017-03-13 09:38:05', '2017-03-13 09:38:05', '96d0dc28-7236-4e4a-82cd-32866b0345aa'),
 ('10', '12', '31', '39', NULL, '2017-03-13 10:11:54', '2017-03-13 10:11:54', 'e9a1b7d7-8263-4c8f-9ea8-d74033354e02');



DROP TABLE IF EXISTS `craft_neoblocktypes`;


--
-- Schema for table `craft_neoblocktypes`
--
CREATE TABLE `craft_neoblocktypes` (
  `id` int(11) NOT NULL AUTO_INCREMENT,
  `fieldId` int(11) NOT NULL,
  `fieldLayoutId` int(11) DEFAULT NULL,
  `name` varchar(255) COLLATE utf8_unicode_ci NOT NULL,
  `handle` varchar(255) COLLATE utf8_unicode_ci NOT NULL,
  `maxBlocks` int(10) DEFAULT '0',
  `maxChildBlocks` int(10) DEFAULT '0',
  `childBlocks` text COLLATE utf8_unicode_ci,
  `topLevel` tinyint(1) unsigned NOT NULL DEFAULT '1',
  `sortOrder` smallint(6) unsigned DEFAULT NULL,
  `dateCreated` datetime NOT NULL,
  `dateUpdated` datetime NOT NULL,
  `uid` char(36) COLLATE utf8_unicode_ci NOT NULL DEFAULT '0',
  PRIMARY KEY (`id`),
  UNIQUE KEY `craft_neoblocktypes_name_fieldId_unq_idx` (`name`,`fieldId`),
  UNIQUE KEY `craft_neoblocktypes_handle_fieldId_unq_idx` (`handle`,`fieldId`),
  KEY `craft_neoblocktypes_fieldId_fk` (`fieldId`),
  KEY `craft_neoblocktypes_fieldLayoutId_fk` (`fieldLayoutId`)
) ENGINE=InnoDB AUTO_INCREMENT=13 DEFAULT CHARSET=utf8 COLLATE=utf8_unicode_ci;

--
-- Data for table `craft_neoblocktypes`
--

INSERT INTO `craft_neoblocktypes` (`id`, `fieldId`, `fieldLayoutId`, `name`, `handle`, `maxBlocks`, `maxChildBlocks`, `childBlocks`, `topLevel`, `sortOrder`, `dateCreated`, `dateUpdated`, `uid`) VALUES
 ('5', '33', '87', '1 Up', 'oneUp', NULL, '1', '[\"media\"]', '1', '1', '2017-02-02 23:08:29', '2017-02-13 21:59:24', '6d8d6e94-330c-4772-a8eb-88e3c762cfd8'),
 ('6', '33', '88', '2 Up', 'twoUp', NULL, '2', '[\"media\"]', '1', '2', '2017-02-02 23:08:29', '2017-02-13 21:59:24', '27c51a33-3645-4129-b2c2-1c069c0d121c'),
 ('7', '33', '89', 'News 4 Up', 'newsFourUp', NULL, NULL, '', '1', '3', '2017-02-02 23:08:29', '2017-02-13 21:59:24', 'd66f1f3b-9807-4eeb-be62-ac338e5e4c5e'),
 ('8', '33', '90', 'Media', 'media', NULL, NULL, '', '0', '4', '2017-02-02 23:08:29', '2017-02-13 21:59:24', '3bdfb04f-440c-437e-a99a-51845d7dd013'),
 ('9', '39', '91', '1 Up', 'oneUp', NULL, '1', '[\"media\"]', '1', '1', '2017-02-08 19:09:29', '2017-02-13 22:00:07', '0dd5a86c-c471-4450-a92c-f45b7bd3620b'),
 ('10', '39', '92', '2 Up', 'twoUp', NULL, '2', '[\"media\"]', '1', '2', '2017-02-08 19:09:29', '2017-02-13 22:00:07', 'c707d6c8-1832-494d-b755-c2ed0a7d973a'),
 ('11', '39', '93', 'Media', 'media', NULL, NULL, '', '0', '3', '2017-02-08 19:17:38', '2017-02-13 22:00:07', 'f2782528-5921-4f68-9c06-3a6ffe1e9f41'),
 ('12', '61', '77', 'Person', 'person', NULL, NULL, '', '1', '1', '2017-02-13 19:30:06', '2017-02-13 19:30:06', 'd26e589a-b1e0-4a99-beb5-f7c7865c3342');



DROP TABLE IF EXISTS `craft_neogroups`;


--
-- Schema for table `craft_neogroups`
--
CREATE TABLE `craft_neogroups` (
  `id` int(11) NOT NULL AUTO_INCREMENT,
  `fieldId` int(11) NOT NULL,
  `name` varchar(255) COLLATE utf8_unicode_ci DEFAULT NULL,
  `sortOrder` smallint(6) unsigned DEFAULT NULL,
  `dateCreated` datetime NOT NULL,
  `dateUpdated` datetime NOT NULL,
  `uid` char(36) COLLATE utf8_unicode_ci NOT NULL DEFAULT '0',
  PRIMARY KEY (`id`),
  KEY `craft_neogroups_fieldId_fk` (`fieldId`)
) ENGINE=InnoDB DEFAULT CHARSET=utf8 COLLATE=utf8_unicode_ci;

DROP TABLE IF EXISTS `craft_pimpmymatrix_blocktypes`;


--
-- Schema for table `craft_pimpmymatrix_blocktypes`
--
CREATE TABLE `craft_pimpmymatrix_blocktypes` (
  `id` int(11) NOT NULL AUTO_INCREMENT,
  `fieldId` int(11) NOT NULL,
  `matrixBlockTypeId` int(11) NOT NULL,
  `fieldLayoutId` int(11) DEFAULT NULL,
  `groupName` varchar(255) COLLATE utf8_unicode_ci NOT NULL,
  `context` varchar(255) COLLATE utf8_unicode_ci NOT NULL,
  `dateCreated` datetime NOT NULL,
  `dateUpdated` datetime NOT NULL,
  `uid` char(36) COLLATE utf8_unicode_ci NOT NULL DEFAULT '0',
  PRIMARY KEY (`id`),
  KEY `craft_pimpmymatrix_blocktypes_fieldId_fk` (`fieldId`),
  KEY `craft_pimpmymatrix_blocktypes_matrixBlockTypeId_fk` (`matrixBlockTypeId`),
  KEY `craft_pimpmymatrix_blocktypes_fieldLayoutId_fk` (`fieldLayoutId`)
) ENGINE=InnoDB DEFAULT CHARSET=utf8 COLLATE=utf8_unicode_ci;

DROP TABLE IF EXISTS `craft_plugins`;


--
-- Schema for table `craft_plugins`
--
CREATE TABLE `craft_plugins` (
  `id` int(11) NOT NULL AUTO_INCREMENT,
  `class` varchar(150) COLLATE utf8_unicode_ci NOT NULL,
  `version` varchar(15) COLLATE utf8_unicode_ci NOT NULL,
  `schemaVersion` varchar(15) COLLATE utf8_unicode_ci DEFAULT NULL,
  `licenseKey` char(24) COLLATE utf8_unicode_ci DEFAULT NULL,
  `licenseKeyStatus` enum('valid','invalid','mismatched','unknown') COLLATE utf8_unicode_ci NOT NULL DEFAULT 'unknown',
  `enabled` tinyint(1) unsigned NOT NULL DEFAULT '0',
  `settings` text COLLATE utf8_unicode_ci,
  `installDate` datetime NOT NULL,
  `dateCreated` datetime NOT NULL,
  `dateUpdated` datetime NOT NULL,
  `uid` char(36) COLLATE utf8_unicode_ci NOT NULL DEFAULT '0',
  PRIMARY KEY (`id`)
) ENGINE=InnoDB AUTO_INCREMENT=22 DEFAULT CHARSET=utf8 COLLATE=utf8_unicode_ci;

--
-- Data for table `craft_plugins`
--

INSERT INTO `craft_plugins` (`id`, `class`, `version`, `schemaVersion`, `licenseKey`, `licenseKeyStatus`, `enabled`, `settings`, `installDate`, `dateCreated`, `dateUpdated`, `uid`) VALUES
 ('1', 'Reasons', '1.0.8', '1.1', NULL, 'unknown', '1', NULL, '2017-02-01 19:46:55', '2017-02-01 19:46:55', '2017-03-13 10:16:09', '67a3af93-27c7-435f-a904-8ae03aadb7b6'),
 ('2', 'ButtonBox', '1.3.3', NULL, NULL, 'unknown', '1', NULL, '2017-02-01 21:19:52', '2017-02-01 21:19:52', '2017-03-13 10:16:09', '64ccb452-30d4-40b3-a102-ba4bc4aed5c5'),
 ('3', 'FruitLinkIt', '2.3.4', '2.3.0', NULL, 'unknown', '1', NULL, '2017-02-01 21:20:00', '2017-02-01 21:20:00', '2017-03-13 10:16:09', '99467699-7c5f-4c84-ac4d-981fbe5b1c39'),
 ('4', 'Neo', '1.4.0', '1.4.0', NULL, 'unknown', '1', NULL, '2017-02-01 21:20:06', '2017-02-01 21:20:06', '2017-03-13 10:16:09', '06a3070c-7cd2-4a81-99bb-8b29bf7ae973'),
 ('5', 'QuickField', '0.3.4', '1.0.0', NULL, 'unknown', '1', NULL, '2017-02-01 21:20:16', '2017-02-01 21:20:16', '2017-03-13 10:16:09', '2ace2688-ae3b-4f8c-980e-903dba76d21a'),
 ('6', 'SuperTable', '1.0.2', '1.0.0', NULL, 'unknown', '1', NULL, '2017-02-01 21:20:24', '2017-02-01 21:20:24', '2017-03-13 10:16:09', '4619694a-6dc1-4fb3-8800-76ccc233cc1d'),
 ('7', 'Relabel', '0.1.3', '1.0.0', NULL, 'unknown', '1', NULL, '2017-02-01 21:20:33', '2017-02-01 21:20:33', '2017-03-13 10:16:09', '4a31463c-fb3a-4546-9e5b-84a61fac7c98'),
 ('8', 'FieldManager', '1.5.3', '1.0.0', NULL, 'unknown', '1', NULL, '2017-02-01 21:45:07', '2017-02-01 21:45:07', '2017-03-13 10:16:09', 'a948a883-22a2-4c15-aca5-4060b2e78bb4'),
 ('9', 'FieldNotes', '0.1.0', NULL, NULL, 'unknown', '1', NULL, '2017-02-01 21:45:16', '2017-02-01 21:45:16', '2017-03-13 10:16:09', 'a686cab8-aa1b-4a56-a282-6d0f535d2a06'),
 ('10', 'Imager', '1.4.0', '1.0.0', NULL, 'unknown', '1', NULL, '2017-02-01 21:45:23', '2017-02-01 21:45:23', '2017-03-13 10:16:09', 'b54f5c7c-698d-422d-822e-6fa493006f8a'),
 ('11', 'PimpMyMatrix', '2.1.2', '2.0.0', NULL, 'unknown', '1', NULL, '2017-02-01 21:45:32', '2017-02-01 21:45:32', '2017-03-13 10:16:09', '7aaff73a-9c89-4401-921a-1c04161d7be8'),
 ('12', 'Randomm', '0.2', NULL, NULL, 'unknown', '1', NULL, '2017-02-01 21:45:44', '2017-02-01 21:45:44', '2017-03-13 10:16:09', '87653fb4-1795-4656-b303-a29ab96101c9'),
 ('13', 'Stringy', '1.0.0', '1.0.0', NULL, 'unknown', '1', NULL, '2017-02-01 21:55:14', '2017-02-01 21:55:14', '2017-03-13 10:16:09', 'b7a312dc-0357-46b5-a869-9cc5810bfdcd'),
 ('14', 'CheatSheet', '1.2.0', NULL, NULL, 'unknown', '1', '{\"cheatSheetRoute\":\"cheatsheet\",\"cheatSheetWhitespace\":\"\\\\t\",\"cheatSheetUserGroups\":[]}', '2017-02-01 21:55:26', '2017-02-01 21:55:26', '2017-02-16 21:40:47', '64fa4100-14b0-44f5-9c03-02d3ff8d7d1c'),
 ('15', 'AmNav', '1.7.4', '1.7.4', NULL, 'unknown', '1', '{\"pluginName\":\"Navigation\",\"canDoActions\":\"\",\"quietErrors\":\"\"}', '2017-02-01 21:55:37', '2017-02-01 21:55:37', '2017-03-13 10:16:09', '4715038e-401d-4e17-a797-137c90dd942b'),
 ('16', 'Hacksaw', '1.1.2', NULL, NULL, 'unknown', '1', NULL, '2017-02-01 21:55:53', '2017-02-01 21:55:53', '2017-03-13 10:16:09', '052bc946-882c-4c1e-8ecf-0afe0616c195'),
 ('17', 'SetTable', '1.1', NULL, NULL, 'unknown', '1', NULL, '2017-02-01 21:56:05', '2017-02-01 21:56:05', '2017-03-13 10:16:09', 'f86aafb8-7a76-4a5b-92e9-314f878c8e21'),
 ('18', 'Seomatic', '1.1.42', '1.1.25', NULL, 'unknown', '1', '{\"pluginNameOverride\":\"SEO\"}', '2017-02-01 22:02:08', '2017-02-01 22:02:08', '2017-03-13 10:16:09', '3d5f5161-2f81-472c-a513-d66acfdc57af'),
 ('19', 'Hue', '1.0.0', '0.0.0.0', NULL, 'unknown', '1', NULL, '2017-02-01 22:02:53', '2017-02-01 22:02:53', '2017-03-13 10:16:09', 'e78bfaec-da98-487d-8bdf-cd7bf97f7cc5'),
 ('20', 'SuperSort', '1.2.0', '0.0.0.0', NULL, 'unknown', '1', NULL, '2017-02-01 22:03:14', '2017-02-01 22:03:14', '2017-03-13 10:16:09', 'd2cd27f7-778d-4307-b276-3864e7e833d7'),
 ('21', 'VideoEmbed', '1.0', NULL, NULL, 'unknown', '1', NULL, '2017-02-01 22:03:26', '2017-02-01 22:03:26', '2017-03-13 10:16:09', '2022ab64-2a4d-469b-9a2a-efde8ee51515');



DROP TABLE IF EXISTS `craft_rackspaceaccess`;


--
-- Schema for table `craft_rackspaceaccess`
--
CREATE TABLE `craft_rackspaceaccess` (
  `id` int(11) NOT NULL AUTO_INCREMENT,
  `connectionKey` varchar(255) COLLATE utf8_unicode_ci NOT NULL,
  `token` varchar(255) COLLATE utf8_unicode_ci NOT NULL,
  `storageUrl` varchar(255) COLLATE utf8_unicode_ci NOT NULL,
  `cdnUrl` varchar(255) COLLATE utf8_unicode_ci NOT NULL,
  `dateCreated` datetime NOT NULL,
  `dateUpdated` datetime NOT NULL,
  `uid` char(36) COLLATE utf8_unicode_ci NOT NULL DEFAULT '0',
  PRIMARY KEY (`id`),
  UNIQUE KEY `craft_rackspaceaccess_connectionKey_unq_idx` (`connectionKey`)
) ENGINE=InnoDB DEFAULT CHARSET=utf8 COLLATE=utf8_unicode_ci;

DROP TABLE IF EXISTS `craft_reasons`;


--
-- Schema for table `craft_reasons`
--
CREATE TABLE `craft_reasons` (
  `id` int(11) NOT NULL AUTO_INCREMENT,
  `fieldLayoutId` int(10) DEFAULT NULL,
  `conditionals` text COLLATE utf8_unicode_ci,
  `dateCreated` datetime NOT NULL,
  `dateUpdated` datetime NOT NULL,
  `uid` char(36) COLLATE utf8_unicode_ci NOT NULL DEFAULT '0',
  PRIMARY KEY (`id`),
  KEY `craft_reasons_fieldLayoutId_fk` (`fieldLayoutId`)
) ENGINE=InnoDB DEFAULT CHARSET=utf8 COLLATE=utf8_unicode_ci;

DROP TABLE IF EXISTS `craft_relabel`;


--
-- Schema for table `craft_relabel`
--
CREATE TABLE `craft_relabel` (
  `id` int(11) NOT NULL AUTO_INCREMENT,
  `fieldId` int(11) DEFAULT NULL,
  `fieldLayoutId` int(11) DEFAULT NULL,
  `name` varchar(255) COLLATE utf8_unicode_ci DEFAULT NULL,
  `instructions` varchar(255) COLLATE utf8_unicode_ci DEFAULT NULL,
  `dateCreated` datetime NOT NULL,
  `dateUpdated` datetime NOT NULL,
  `uid` char(36) COLLATE utf8_unicode_ci NOT NULL DEFAULT '0',
  PRIMARY KEY (`id`),
  KEY `craft_relabel_fieldId_fk` (`fieldId`),
  KEY `craft_relabel_fieldLayoutId_fk` (`fieldLayoutId`)
) ENGINE=InnoDB DEFAULT CHARSET=utf8 COLLATE=utf8_unicode_ci;

DROP TABLE IF EXISTS `craft_relations`;


--
-- Schema for table `craft_relations`
--
CREATE TABLE `craft_relations` (
  `id` int(11) NOT NULL AUTO_INCREMENT,
  `fieldId` int(11) NOT NULL,
  `sourceId` int(11) NOT NULL,
  `sourceLocale` char(12) COLLATE utf8_unicode_ci DEFAULT NULL,
  `targetId` int(11) NOT NULL,
  `sortOrder` smallint(6) DEFAULT NULL,
  `dateCreated` datetime NOT NULL,
  `dateUpdated` datetime NOT NULL,
  `uid` char(36) COLLATE utf8_unicode_ci NOT NULL DEFAULT '0',
  PRIMARY KEY (`id`),
  UNIQUE KEY `craft_relations_fieldId_sourceId_sourceLocale_targetId_unq_idx` (`fieldId`,`sourceId`,`sourceLocale`,`targetId`),
  KEY `craft_relations_sourceId_fk` (`sourceId`),
  KEY `craft_relations_sourceLocale_fk` (`sourceLocale`),
  KEY `craft_relations_targetId_fk` (`targetId`)
) ENGINE=InnoDB AUTO_INCREMENT=28 DEFAULT CHARSET=utf8 COLLATE=utf8_unicode_ci;

--
-- Data for table `craft_relations`
--

INSERT INTO `craft_relations` (`id`, `fieldId`, `sourceId`, `sourceLocale`, `targetId`, `sortOrder`, `dateCreated`, `dateUpdated`, `uid`) VALUES
 ('3', '60', '12', NULL, '9', '1', '2017-02-13 19:39:52', '2017-02-13 19:39:52', 'df70e04e-e373-4d67-9539-1b56a4af2946'),
 ('7', '5', '6', NULL, '1', '1', '2017-03-12 23:41:18', '2017-03-12 23:41:18', '607711e6-2762-40a2-b087-494a8ed575d2'),
 ('8', '7', '6', NULL, '4', '1', '2017-03-12 23:41:18', '2017-03-12 23:41:18', 'da0e1a64-8cdf-4fe5-8d52-20385c195b4a'),
 ('11', '5', '19', NULL, '1', '1', '2017-03-12 23:43:40', '2017-03-12 23:43:40', 'b29b7d7a-3d74-4716-bd77-cb804c58f863'),
 ('12', '7', '19', NULL, '4', '1', '2017-03-12 23:43:40', '2017-03-12 23:43:40', '73c05c2f-bcc9-4cd7-8968-4538a5d81e74'),
 ('13', '5', '20', NULL, '1', '1', '2017-03-12 23:44:17', '2017-03-12 23:44:17', 'be9b4658-6cc0-471a-9c7b-e22bf99734ea'),
 ('14', '7', '20', NULL, '5', '1', '2017-03-12 23:44:17', '2017-03-12 23:44:17', '23b380b7-b8f5-4db9-80b5-a3ec2cb8f682'),
 ('15', '24', '22', NULL, '6', '1', '2017-03-12 23:49:45', '2017-03-12 23:49:45', 'b43a172b-c765-455f-a91a-8779debd65c9'),
 ('16', '25', '22', NULL, '18', '1', '2017-03-12 23:49:45', '2017-03-12 23:49:45', 'a489e2a4-be36-4931-98f5-0a2f43ee4568'),
 ('17', '26', '22', NULL, '19', '1', '2017-03-12 23:49:45', '2017-03-12 23:49:45', '0ea31647-d22f-486a-8808-ec55b033d322'),
 ('18', '27', '22', NULL, '20', '1', '2017-03-12 23:49:45', '2017-03-12 23:49:45', 'd6fdb0e0-896b-42df-bcf2-c0b2004ae751'),
 ('19', '47', '28', NULL, '24', '1', '2017-03-13 00:44:24', '2017-03-13 00:44:24', 'd0b89904-d674-42d6-9d79-eda44c0dc024'),
 ('21', '47', '30', NULL, '25', '1', '2017-03-13 00:50:48', '2017-03-13 00:50:48', 'bad51aa2-163a-4651-8aa6-b8ccd6e2886b'),
 ('22', '5', '18', NULL, '1', '1', '2017-03-13 02:54:41', '2017-03-13 02:54:41', '1c042c0a-8c42-4e60-9210-d710e32d185d'),
 ('23', '7', '18', NULL, '5', '1', '2017-03-13 02:54:41', '2017-03-13 02:54:41', '76e5b384-186c-41d4-8f2a-ce9e0bf81780'),
 ('24', '47', '17', NULL, '14', '1', '2017-03-13 09:38:05', '2017-03-13 09:38:05', 'd9681737-b4bc-4937-a693-c4b611a2dc09'),
 ('25', '29', '34', NULL, '14', '1', '2017-03-13 09:46:25', '2017-03-13 09:46:25', 'e0416dea-be2f-4cfe-b155-cf12158ebbdc'),
 ('26', '29', '37', NULL, '24', '1', '2017-03-13 09:46:26', '2017-03-13 09:46:26', '58b3c606-fcdb-483c-9f5a-76d162b59b0c'),
 ('27', '29', '39', NULL, '25', '1', '2017-03-13 09:46:26', '2017-03-13 09:46:26', 'ede1a843-7eb0-4225-a0a6-21b28fdae8e5');



DROP TABLE IF EXISTS `craft_routes`;


--
-- Schema for table `craft_routes`
--
CREATE TABLE `craft_routes` (
  `id` int(11) NOT NULL AUTO_INCREMENT,
  `locale` char(12) COLLATE utf8_unicode_ci DEFAULT NULL,
  `urlParts` varchar(255) COLLATE utf8_unicode_ci NOT NULL,
  `urlPattern` varchar(255) COLLATE utf8_unicode_ci NOT NULL,
  `template` varchar(255) COLLATE utf8_unicode_ci NOT NULL,
  `sortOrder` smallint(6) unsigned DEFAULT NULL,
  `dateCreated` datetime NOT NULL,
  `dateUpdated` datetime NOT NULL,
  `uid` char(36) COLLATE utf8_unicode_ci NOT NULL DEFAULT '0',
  PRIMARY KEY (`id`),
  UNIQUE KEY `craft_routes_urlPattern_unq_idx` (`urlPattern`),
  KEY `craft_routes_locale_idx` (`locale`)
) ENGINE=InnoDB DEFAULT CHARSET=utf8 COLLATE=utf8_unicode_ci;

DROP TABLE IF EXISTS `craft_searchindex`;


--
-- Schema for table `craft_searchindex`
--
CREATE TABLE `craft_searchindex` (
  `elementId` int(11) NOT NULL,
  `attribute` varchar(25) COLLATE utf8_unicode_ci NOT NULL,
  `fieldId` int(11) NOT NULL,
  `locale` char(12) COLLATE utf8_unicode_ci NOT NULL,
  `keywords` text COLLATE utf8_unicode_ci NOT NULL,
  PRIMARY KEY (`elementId`,`attribute`,`fieldId`,`locale`),
  FULLTEXT KEY `craft_searchindex_keywords_idx` (`keywords`)
) ENGINE=MyISAM DEFAULT CHARSET=utf8 COLLATE=utf8_unicode_ci;

--
-- Data for table `craft_searchindex`
--

INSERT INTO `craft_searchindex` (`elementId`, `attribute`, `fieldId`, `locale`, `keywords`) VALUES
 ('1', 'username', '0', 'en_us', ' admin '),
 ('1', 'firstname', '0', 'en_us', ' stephen '),
 ('1', 'lastname', '0', 'en_us', ' smith '),
 ('1', 'fullname', '0', 'en_us', ' stephen smith '),
 ('1', 'email', '0', 'en_us', ' stephensmith pixelpusher ca '),
 ('1', 'slug', '0', 'en_us', ''),
 ('2', 'slug', '0', 'en_us', ' homepage '),
 ('2', 'title', '0', 'en_us', ' home '),
 ('2', 'field', '1', 'en_us', ' it s true this site doesn t have a whole lot of content yet but don t worry our web developers have just installed the cms and they re setting things up for the content editors this very moment soon craftcms box puphpet will be an oasis of fresh perspectives sharp analyses and astute opinions that will keep you coming back again and again '),
 ('8', 'field', '45', 'en_us', ' intel clear '),
 ('7', 'filename', '0', 'en_us', ' red peak logo png '),
 ('7', 'extension', '0', 'en_us', ' png '),
 ('7', 'kind', '0', 'en_us', ' image '),
 ('7', 'slug', '0', 'en_us', ' red peak logo '),
 ('7', 'title', '0', 'en_us', ' red peak logo '),
 ('2', 'field', '33', 'en_us', ''),
 ('8', 'field', '1', 'en_us', ' a font that works in any language on any surface a short sentence but a tall order intel clear is custom font for intel s integral role in the digital world '),
 ('4', 'slug', '0', 'en_us', ' news '),
 ('4', 'title', '0', 'en_us', ' news '),
 ('5', 'slug', '0', 'en_us', ' article '),
 ('5', 'title', '0', 'en_us', ' article '),
 ('6', 'field', '5', 'en_us', ' admin '),
 ('6', 'field', '7', 'en_us', ' news '),
 ('6', 'field', '6', 'en_us', ' what are you looking for '),
 ('6', 'field', '3', 'en_us', ' what should we do '),
 ('6', 'field', '1', 'en_us', ' this is the body text '),
 ('6', 'field', '8', 'en_us', ''),
 ('6', 'field', '2', 'en_us', ''),
 ('6', 'slug', '0', 'en_us', ' first news entry '),
 ('6', 'title', '0', 'en_us', ' sit whereever you want '),
 ('8', 'field', '39', 'en_us', ''),
 ('8', 'slug', '0', 'en_us', ' intel '),
 ('8', 'title', '0', 'en_us', ' intel '),
 ('7', 'field', '54', 'en_us', ''),
 ('7', 'field', '55', 'en_us', ' read peak logo '),
 ('9', 'slug', '0', 'en_us', ' new york '),
 ('9', 'title', '0', 'en_us', ' new york '),
 ('10', 'slug', '0', 'en_us', ' taipei '),
 ('10', 'title', '0', 'en_us', ' taipei '),
 ('11', 'field', '55', 'en_us', ' liz owens '),
 ('11', 'filename', '0', 'en_us', ' liz_owens 270x270 jpg '),
 ('11', 'extension', '0', 'en_us', ' jpg '),
 ('11', 'kind', '0', 'en_us', ' image '),
 ('11', 'slug', '0', 'en_us', ' liz owens 270x270 '),
 ('11', 'title', '0', 'en_us', ' liz owens '),
 ('12', 'field', '57', 'en_us', ' liz '),
 ('12', 'field', '58', 'en_us', ' owens '),
 ('12', 'field', '60', 'en_us', ' new york '),
 ('12', 'field', '59', 'en_us', ' vp experience design '),
 ('12', 'field', '34', 'en_us', ''),
 ('12', 'slug', '0', 'en_us', ' liz owens '),
 ('12', 'title', '0', 'en_us', ' liz owens '),
 ('15', 'slug', '0', 'en_us', ''),
 ('16', 'field', '46', 'en_us', ' intel intel supergraphic ct4 v2 white intel 360 replay image '),
 ('2', 'field', '56', 'en_us', ' 1 en_us 1 0 template creativework webpage custom title custom title custom title custom custom custom '),
 ('14', 'field', '55', 'en_us', ''),
 ('14', 'filename', '0', 'en_us', ' intel_supergraphic_ct4_v2 jpg '),
 ('14', 'extension', '0', 'en_us', ' jpg '),
 ('14', 'kind', '0', 'en_us', ' image '),
 ('14', 'slug', '0', 'en_us', ' intel supergraphic ct4 v2 '),
 ('14', 'title', '0', 'en_us', ' intel supergraphic ct4 v2 '),
 ('16', 'slug', '0', 'en_us', ''),
 ('17', 'field', '48', 'en_us', ' intel 360 replay '),
 ('17', 'field', '51', 'en_us', ' image '),
 ('17', 'field', '49', 'en_us', ''),
 ('17', 'field', '50', 'en_us', ' intel '),
 ('17', 'field', '47', 'en_us', ' intel supergraphic ct4 v2 '),
 ('17', 'field', '53', 'en_us', ''),
 ('17', 'field', '52', 'en_us', ''),
 ('17', 'field', '64', 'en_us', ' white '),
 ('17', 'slug', '0', 'en_us', ''),
 ('6', 'field', '65', 'en_us', ' aquamarineonblue '),
 ('18', 'field', '5', 'en_us', ' admin '),
 ('18', 'field', '7', 'en_us', ' article '),
 ('18', 'field', '6', 'en_us', ''),
 ('18', 'field', '3', 'en_us', ''),
 ('18', 'field', '1', 'en_us', ' some body here '),
 ('18', 'field', '65', 'en_us', ' lightpurpleondeeppurple '),
 ('18', 'field', '8', 'en_us', ''),
 ('18', 'field', '2', 'en_us', ''),
 ('18', 'slug', '0', 'en_us', ' the new design of descent '),
 ('18', 'title', '0', 'en_us', ' the new design of descent '),
 ('19', 'field', '5', 'en_us', ' admin '),
 ('19', 'field', '7', 'en_us', ' news '),
 ('19', 'field', '6', 'en_us', ''),
 ('19', 'field', '3', 'en_us', ''),
 ('19', 'field', '1', 'en_us', ' some body here '),
 ('19', 'field', '65', 'en_us', ' orangeonsunset '),
 ('19', 'field', '8', 'en_us', ''),
 ('19', 'field', '2', 'en_us', ''),
 ('19', 'slug', '0', 'en_us', ' lorem ipsum dolor sit amet conseter '),
 ('19', 'title', '0', 'en_us', ' lorem ipsum dolor sit amet conseter '),
 ('20', 'field', '5', 'en_us', ' admin '),
 ('20', 'field', '7', 'en_us', ' article '),
 ('20', 'field', '6', 'en_us', ''),
 ('20', 'field', '3', 'en_us', ''),
 ('20', 'field', '1', 'en_us', ' some body here '),
 ('20', 'field', '65', 'en_us', ' redonbrown '),
 ('20', 'field', '8', 'en_us', ''),
 ('20', 'field', '2', 'en_us', '');
INSERT INTO `craft_searchindex` (`elementId`, `attribute`, `fieldId`, `locale`, `keywords`) VALUES
 ('20', 'slug', '0', 'en_us', ' lorum ipsem '),
 ('20', 'title', '0', 'en_us', ' lorum ipsem '),
 ('21', 'field', '23', 'en_us', ' sit whereever you want the new design of descent lorem ipsum dolor sit amet conseter lorum ipsem '),
 ('21', 'slug', '0', 'en_us', ''),
 ('22', 'field', '24', 'en_us', ' sit whereever you want '),
 ('22', 'field', '25', 'en_us', ' the new design of descent '),
 ('22', 'field', '26', 'en_us', ' lorem ipsum dolor sit amet conseter '),
 ('22', 'field', '27', 'en_us', ' lorum ipsem '),
 ('22', 'slug', '0', 'en_us', ''),
 ('25', 'extension', '0', 'en_us', ' jpg '),
 ('25', 'filename', '0', 'en_us', ' intel_amazinghome_091216_v1 01_170312_204322 jpg '),
 ('25', 'field', '55', 'en_us', ''),
 ('24', 'field', '55', 'en_us', ''),
 ('24', 'filename', '0', 'en_us', ' mountain jpg '),
 ('24', 'extension', '0', 'en_us', ' jpg '),
 ('24', 'kind', '0', 'en_us', ' image '),
 ('24', 'slug', '0', 'en_us', ' mountain '),
 ('24', 'title', '0', 'en_us', ' mountain '),
 ('25', 'kind', '0', 'en_us', ' image '),
 ('25', 'slug', '0', 'en_us', ' intel amazing home 091216 v1 01 '),
 ('25', 'title', '0', 'en_us', ' intel amazing home 091216 v1 01 '),
 ('26', 'slug', '0', 'en_us', ''),
 ('27', 'field', '46', 'en_us', ' ideo mountain white protect our nature image '),
 ('27', 'slug', '0', 'en_us', ''),
 ('28', 'field', '48', 'en_us', ' protect our nature '),
 ('28', 'field', '51', 'en_us', ' image '),
 ('28', 'field', '49', 'en_us', ''),
 ('28', 'field', '50', 'en_us', ' ideo '),
 ('28', 'field', '47', 'en_us', ' mountain '),
 ('28', 'field', '53', 'en_us', ''),
 ('28', 'field', '52', 'en_us', ''),
 ('28', 'field', '64', 'en_us', ' white '),
 ('28', 'slug', '0', 'en_us', ''),
 ('29', 'field', '46', 'en_us', ' intel intel amazing home 091216 v1 01 white a dynamic font for the digital age image '),
 ('29', 'slug', '0', 'en_us', ''),
 ('30', 'field', '48', 'en_us', ' a dynamic font for the digital age '),
 ('30', 'field', '51', 'en_us', ' image '),
 ('30', 'field', '49', 'en_us', ''),
 ('30', 'field', '50', 'en_us', ' intel '),
 ('30', 'field', '47', 'en_us', ' intel amazing home 091216 v1 01 '),
 ('30', 'field', '53', 'en_us', ''),
 ('30', 'field', '52', 'en_us', ''),
 ('30', 'field', '64', 'en_us', ' white '),
 ('30', 'slug', '0', 'en_us', ''),
 ('31', 'slug', '0', 'en_us', ' work '),
 ('31', 'title', '0', 'en_us', ' work '),
 ('31', 'field', '39', 'en_us', ''),
 ('32', 'slug', '0', 'en_us', ''),
 ('33', 'field', '28', 'en_us', ' intel intel supergraphic ct4 v2 white intel 360 replay image '),
 ('33', 'slug', '0', 'en_us', ''),
 ('34', 'field', '30', 'en_us', ' intel 360 replay '),
 ('34', 'field', '42', 'en_us', ' image '),
 ('34', 'field', '32', 'en_us', ' intel '),
 ('34', 'field', '29', 'en_us', ' intel supergraphic ct4 v2 '),
 ('34', 'field', '44', 'en_us', ''),
 ('34', 'field', '43', 'en_us', ''),
 ('34', 'field', '63', 'en_us', ' white '),
 ('34', 'slug', '0', 'en_us', ''),
 ('35', 'slug', '0', 'en_us', ''),
 ('36', 'field', '28', 'en_us', ' ideo mountain white protect our nature image '),
 ('36', 'slug', '0', 'en_us', ''),
 ('37', 'field', '30', 'en_us', ' protect our nature '),
 ('37', 'field', '42', 'en_us', ' image '),
 ('37', 'field', '32', 'en_us', ' ideo '),
 ('37', 'field', '29', 'en_us', ' mountain '),
 ('37', 'field', '44', 'en_us', ''),
 ('37', 'field', '43', 'en_us', ''),
 ('37', 'field', '63', 'en_us', ' white '),
 ('37', 'slug', '0', 'en_us', ''),
 ('38', 'field', '28', 'en_us', ' intel intel amazing home 091216 v1 01 white a dynamic font for the digital age image '),
 ('38', 'slug', '0', 'en_us', ''),
 ('39', 'field', '30', 'en_us', ' a dynamic font for the digital age '),
 ('39', 'field', '42', 'en_us', ' image '),
 ('39', 'field', '32', 'en_us', ' intel '),
 ('39', 'field', '29', 'en_us', ' intel amazing home 091216 v1 01 '),
 ('39', 'field', '44', 'en_us', ''),
 ('39', 'field', '43', 'en_us', ''),
 ('39', 'field', '63', 'en_us', ' white '),
 ('39', 'slug', '0', 'en_us', '');



DROP TABLE IF EXISTS `craft_sections`;


--
-- Schema for table `craft_sections`
--
CREATE TABLE `craft_sections` (
  `id` int(11) NOT NULL AUTO_INCREMENT,
  `structureId` int(11) DEFAULT NULL,
  `name` varchar(255) COLLATE utf8_unicode_ci NOT NULL,
  `handle` varchar(255) COLLATE utf8_unicode_ci NOT NULL,
  `type` enum('single','channel','structure') COLLATE utf8_unicode_ci NOT NULL DEFAULT 'channel',
  `hasUrls` tinyint(1) unsigned NOT NULL DEFAULT '1',
  `template` varchar(500) COLLATE utf8_unicode_ci DEFAULT NULL,
  `enableVersioning` tinyint(1) unsigned NOT NULL DEFAULT '0',
  `dateCreated` datetime NOT NULL,
  `dateUpdated` datetime NOT NULL,
  `uid` char(36) COLLATE utf8_unicode_ci NOT NULL DEFAULT '0',
  PRIMARY KEY (`id`),
  UNIQUE KEY `craft_sections_name_unq_idx` (`name`),
  UNIQUE KEY `craft_sections_handle_unq_idx` (`handle`),
  KEY `craft_sections_structureId_fk` (`structureId`)
) ENGINE=InnoDB AUTO_INCREMENT=6 DEFAULT CHARSET=utf8 COLLATE=utf8_unicode_ci;

--
-- Data for table `craft_sections`
--

INSERT INTO `craft_sections` (`id`, `structureId`, `name`, `handle`, `type`, `hasUrls`, `template`, `enableVersioning`, `dateCreated`, `dateUpdated`, `uid`) VALUES
 ('1', NULL, 'Homepage', 'homepage', 'single', '1', 'index', '1', '2017-01-04 21:19:13', '2017-01-04 21:19:13', 'ed8eff17-936a-4ce0-a2f3-c3bd65526fe9'),
 ('2', NULL, 'News', 'news', 'channel', '1', 'news/_entry', '1', '2017-01-04 21:19:13', '2017-02-01 20:42:31', 'c49aaab8-0f6d-4f2b-9330-9d16e5a05c2a'),
 ('3', NULL, 'Portfolio', 'portfolio', 'channel', '1', 'portfolio/_entry', '1', '2017-02-08 18:04:34', '2017-03-13 09:42:31', 'ddbe3c93-81f5-46c7-b18f-3da7f340dcca'),
 ('4', NULL, 'People', 'people', 'channel', '0', NULL, '1', '2017-02-13 19:32:30', '2017-02-13 19:32:30', 'cffc6e75-62b7-455c-92d3-58cb820e3147'),
 ('5', NULL, 'Work', 'work', 'single', '1', 'work', '1', '2017-03-13 09:42:55', '2017-03-13 10:08:08', '732ffe00-c20a-42e8-9db6-c09cfbc65248');



DROP TABLE IF EXISTS `craft_sections_i18n`;


--
-- Schema for table `craft_sections_i18n`
--
CREATE TABLE `craft_sections_i18n` (
  `id` int(11) NOT NULL AUTO_INCREMENT,
  `sectionId` int(11) NOT NULL,
  `locale` char(12) COLLATE utf8_unicode_ci NOT NULL,
  `enabledByDefault` tinyint(1) unsigned NOT NULL DEFAULT '1',
  `urlFormat` text COLLATE utf8_unicode_ci,
  `nestedUrlFormat` text COLLATE utf8_unicode_ci,
  `dateCreated` datetime NOT NULL,
  `dateUpdated` datetime NOT NULL,
  `uid` char(36) COLLATE utf8_unicode_ci NOT NULL DEFAULT '0',
  PRIMARY KEY (`id`),
  UNIQUE KEY `craft_sections_i18n_sectionId_locale_unq_idx` (`sectionId`,`locale`),
  KEY `craft_sections_i18n_locale_fk` (`locale`)
) ENGINE=InnoDB AUTO_INCREMENT=6 DEFAULT CHARSET=utf8 COLLATE=utf8_unicode_ci;

--
-- Data for table `craft_sections_i18n`
--

INSERT INTO `craft_sections_i18n` (`id`, `sectionId`, `locale`, `enabledByDefault`, `urlFormat`, `nestedUrlFormat`, `dateCreated`, `dateUpdated`, `uid`) VALUES
 ('1', '1', 'en_us', '1', '__home__', NULL, '2017-01-04 21:19:13', '2017-01-04 21:19:13', '9d0a4a4b-161b-483d-9e4f-ec9f3804a947'),
 ('2', '2', 'en_us', '1', 'news/{postDate.year}/{slug}', NULL, '2017-01-04 21:19:13', '2017-01-04 21:19:13', '70df8996-0905-43ab-974c-04120e48ee93'),
 ('3', '3', 'en_us', '1', 'portfolio/{slug}', NULL, '2017-02-08 18:04:34', '2017-03-13 09:42:31', '1c98620d-0a12-4110-84bb-a9e0275275aa'),
 ('4', '4', 'en_us', '1', NULL, NULL, '2017-02-13 19:32:30', '2017-02-13 19:32:30', '27b6c96b-ac35-4055-8bb9-2b6b12f143f8'),
 ('5', '5', 'en_us', '1', 'work/', NULL, '2017-03-13 09:42:55', '2017-03-13 10:07:49', 'b0a5b34b-d052-4dba-b973-5524708cfc3e');



DROP TABLE IF EXISTS `craft_seomatic_meta`;


--
-- Schema for table `craft_seomatic_meta`
--
CREATE TABLE `craft_seomatic_meta` (
  `id` int(11) NOT NULL,
  `seoImageId` int(11) DEFAULT NULL,
  `seoTwitterImageId` int(11) DEFAULT NULL,
  `seoFacebookImageId` int(11) DEFAULT NULL,
  `locale` varchar(255) COLLATE utf8_unicode_ci DEFAULT 'en_us',
  `elementId` int(10) DEFAULT '0',
  `metaType` enum('default','template') COLLATE utf8_unicode_ci DEFAULT 'template',
  `metaPath` varchar(255) COLLATE utf8_unicode_ci DEFAULT '',
  `seoMainEntityCategory` varchar(255) COLLATE utf8_unicode_ci DEFAULT '',
  `seoMainEntityOfPage` varchar(255) COLLATE utf8_unicode_ci DEFAULT '',
  `seoTitle` varchar(255) COLLATE utf8_unicode_ci DEFAULT '',
  `seoDescription` varchar(255) COLLATE utf8_unicode_ci DEFAULT '',
  `seoKeywords` varchar(255) COLLATE utf8_unicode_ci DEFAULT '',
  `seoImageTransform` varchar(255) COLLATE utf8_unicode_ci DEFAULT '',
  `seoFacebookImageTransform` varchar(255) COLLATE utf8_unicode_ci DEFAULT '',
  `seoTwitterImageTransform` varchar(255) COLLATE utf8_unicode_ci DEFAULT '',
  `twitterCardType` varchar(255) COLLATE utf8_unicode_ci DEFAULT 'summary',
  `openGraphType` varchar(255) COLLATE utf8_unicode_ci DEFAULT 'website',
  `robots` varchar(255) COLLATE utf8_unicode_ci DEFAULT '',
  `dateCreated` datetime NOT NULL,
  `dateUpdated` datetime NOT NULL,
  `uid` char(36) COLLATE utf8_unicode_ci NOT NULL DEFAULT '0',
  PRIMARY KEY (`id`),
  KEY `craft_seomatic_meta_seoImageId_fk` (`seoImageId`),
  KEY `craft_seomatic_meta_seoTwitterImageId_fk` (`seoTwitterImageId`),
  KEY `craft_seomatic_meta_seoFacebookImageId_fk` (`seoFacebookImageId`)
) ENGINE=InnoDB DEFAULT CHARSET=utf8 COLLATE=utf8_unicode_ci;

DROP TABLE IF EXISTS `craft_seomatic_settings`;


--
-- Schema for table `craft_seomatic_settings`
--
CREATE TABLE `craft_seomatic_settings` (
  `id` int(11) NOT NULL AUTO_INCREMENT,
  `siteSeoImageId` int(11) DEFAULT NULL,
  `siteSeoTwitterImageId` int(11) DEFAULT NULL,
  `siteSeoFacebookImageId` int(11) DEFAULT NULL,
  `genericOwnerImageId` int(11) DEFAULT NULL,
  `genericCreatorImageId` int(11) DEFAULT NULL,
  `locale` varchar(255) COLLATE utf8_unicode_ci DEFAULT '',
  `siteSeoName` varchar(255) COLLATE utf8_unicode_ci DEFAULT '',
  `siteSeoTitle` varchar(255) COLLATE utf8_unicode_ci DEFAULT '',
  `siteSeoTitleSeparator` varchar(10) COLLATE utf8_unicode_ci DEFAULT '|',
  `siteSeoTitlePlacement` enum('before','after','none') COLLATE utf8_unicode_ci DEFAULT 'after',
  `siteSeoDescription` varchar(255) COLLATE utf8_unicode_ci DEFAULT '',
  `siteSeoKeywords` varchar(255) COLLATE utf8_unicode_ci DEFAULT '',
  `siteSeoImageTransform` varchar(100) COLLATE utf8_unicode_ci DEFAULT '',
  `siteSeoFacebookImageTransform` varchar(100) COLLATE utf8_unicode_ci DEFAULT '',
  `siteSeoTwitterImageTransform` varchar(100) COLLATE utf8_unicode_ci DEFAULT '',
  `siteTwitterCardType` varchar(50) COLLATE utf8_unicode_ci DEFAULT '',
  `siteOpenGraphType` varchar(50) COLLATE utf8_unicode_ci DEFAULT '',
  `siteRobots` varchar(50) COLLATE utf8_unicode_ci DEFAULT '',
  `siteRobotsTxt` text COLLATE utf8_unicode_ci,
  `siteLinksSearchTargets` text COLLATE utf8_unicode_ci,
  `siteLinksQueryInput` varchar(50) COLLATE utf8_unicode_ci DEFAULT '',
  `googleSiteVerification` varchar(100) COLLATE utf8_unicode_ci DEFAULT '',
  `bingSiteVerification` varchar(100) COLLATE utf8_unicode_ci DEFAULT '',
  `googleAnalyticsUID` varchar(50) COLLATE utf8_unicode_ci DEFAULT '',
  `googleTagManagerID` varchar(50) COLLATE utf8_unicode_ci DEFAULT '',
  `googleAnalyticsSendPageview` tinyint(1) unsigned NOT NULL DEFAULT '1',
  `googleAnalyticsAdvertising` tinyint(1) unsigned NOT NULL DEFAULT '0',
  `googleAnalyticsEcommerce` tinyint(1) unsigned NOT NULL DEFAULT '0',
  `googleAnalyticsEEcommerce` tinyint(1) unsigned NOT NULL DEFAULT '0',
  `googleAnalyticsLinkAttribution` tinyint(1) unsigned NOT NULL DEFAULT '0',
  `googleAnalyticsLinker` tinyint(1) unsigned NOT NULL DEFAULT '0',
  `googleAnalyticsAnonymizeIp` tinyint(1) NOT NULL,
  `siteOwnerType` varchar(50) COLLATE utf8_unicode_ci DEFAULT '',
  `siteOwnerSubType` varchar(50) COLLATE utf8_unicode_ci DEFAULT '',
  `siteOwnerSpecificType` varchar(50) COLLATE utf8_unicode_ci DEFAULT '',
  `genericOwnerName` varchar(255) COLLATE utf8_unicode_ci DEFAULT '',
  `genericOwnerAlternateName` varchar(255) COLLATE utf8_unicode_ci DEFAULT '',
  `genericOwnerDescription` varchar(1024) COLLATE utf8_unicode_ci DEFAULT '',
  `genericOwnerUrl` varchar(255) COLLATE utf8_unicode_ci DEFAULT '',
  `genericOwnerTelephone` varchar(255) COLLATE utf8_unicode_ci DEFAULT '',
  `genericOwnerEmail` varchar(255) COLLATE utf8_unicode_ci DEFAULT '',
  `genericOwnerStreetAddress` varchar(255) COLLATE utf8_unicode_ci DEFAULT '',
  `genericOwnerAddressLocality` varchar(255) COLLATE utf8_unicode_ci DEFAULT '',
  `genericOwnerAddressRegion` varchar(255) COLLATE utf8_unicode_ci DEFAULT '',
  `genericOwnerPostalCode` varchar(255) COLLATE utf8_unicode_ci DEFAULT '',
  `genericOwnerAddressCountry` varchar(255) COLLATE utf8_unicode_ci DEFAULT '',
  `genericOwnerGeoLatitude` varchar(255) COLLATE utf8_unicode_ci DEFAULT '',
  `genericOwnerGeoLongitude` varchar(255) COLLATE utf8_unicode_ci DEFAULT '',
  `organizationOwnerDuns` varchar(255) COLLATE utf8_unicode_ci DEFAULT '',
  `organizationOwnerFounder` varchar(255) COLLATE utf8_unicode_ci DEFAULT '',
  `organizationOwnerFoundingDate` varchar(255) COLLATE utf8_unicode_ci DEFAULT '',
  `organizationOwnerFoundingLocation` varchar(255) COLLATE utf8_unicode_ci DEFAULT '',
  `organizationOwnerContactPoints` text COLLATE utf8_unicode_ci,
  `localBusinessPriceRange` varchar(10) COLLATE utf8_unicode_ci DEFAULT '$$$',
  `localBusinessOwnerOpeningHours` text COLLATE utf8_unicode_ci,
  `corporationOwnerTickerSymbol` varchar(255) COLLATE utf8_unicode_ci DEFAULT '',
  `restaurantOwnerServesCuisine` varchar(255) COLLATE utf8_unicode_ci DEFAULT '',
  `restaurantOwnerMenuUrl` varchar(255) COLLATE utf8_unicode_ci DEFAULT '',
  `restaurantOwnerReservationsUrl` varchar(255) COLLATE utf8_unicode_ci DEFAULT '',
  `personOwnerGender` varchar(255) COLLATE utf8_unicode_ci DEFAULT '',
  `personOwnerBirthPlace` varchar(255) COLLATE utf8_unicode_ci DEFAULT '',
  `twitterHandle` varchar(50) COLLATE utf8_unicode_ci DEFAULT '',
  `facebookHandle` varchar(50) COLLATE utf8_unicode_ci DEFAULT '',
  `facebookProfileId` varchar(50) COLLATE utf8_unicode_ci DEFAULT '',
  `facebookAppId` varchar(50) COLLATE utf8_unicode_ci DEFAULT '',
  `linkedInHandle` varchar(50) COLLATE utf8_unicode_ci DEFAULT '',
  `googlePlusHandle` varchar(50) COLLATE utf8_unicode_ci DEFAULT '',
  `youtubeHandle` varchar(50) COLLATE utf8_unicode_ci DEFAULT '',
  `youtubeChannelHandle` varchar(50) COLLATE utf8_unicode_ci DEFAULT '',
  `instagramHandle` varchar(50) COLLATE utf8_unicode_ci DEFAULT '',
  `pinterestHandle` varchar(50) COLLATE utf8_unicode_ci DEFAULT '',
  `githubHandle` varchar(50) COLLATE utf8_unicode_ci DEFAULT '',
  `vimeoHandle` varchar(50) COLLATE utf8_unicode_ci DEFAULT '',
  `wikipediaUrl` varchar(100) COLLATE utf8_unicode_ci DEFAULT NULL,
  `siteCreatorType` varchar(255) COLLATE utf8_unicode_ci DEFAULT '',
  `siteCreatorSubType` varchar(255) COLLATE utf8_unicode_ci DEFAULT '',
  `siteCreatorSpecificType` varchar(255) COLLATE utf8_unicode_ci DEFAULT '',
  `genericCreatorName` varchar(255) COLLATE utf8_unicode_ci DEFAULT '',
  `genericCreatorAlternateName` varchar(255) COLLATE utf8_unicode_ci DEFAULT '',
  `genericCreatorDescription` varchar(1024) COLLATE utf8_unicode_ci DEFAULT '',
  `genericCreatorUrl` varchar(255) COLLATE utf8_unicode_ci DEFAULT '',
  `genericCreatorTelephone` varchar(255) COLLATE utf8_unicode_ci DEFAULT '',
  `genericCreatorEmail` varchar(255) COLLATE utf8_unicode_ci DEFAULT '',
  `genericCreatorStreetAddress` varchar(255) COLLATE utf8_unicode_ci DEFAULT '',
  `genericCreatorAddressLocality` varchar(255) COLLATE utf8_unicode_ci DEFAULT '',
  `genericCreatorAddressRegion` varchar(255) COLLATE utf8_unicode_ci DEFAULT '',
  `genericCreatorPostalCode` varchar(255) COLLATE utf8_unicode_ci DEFAULT '',
  `genericCreatorAddressCountry` varchar(255) COLLATE utf8_unicode_ci DEFAULT '',
  `genericCreatorGeoLatitude` varchar(255) COLLATE utf8_unicode_ci DEFAULT '',
  `genericCreatorGeoLongitude` varchar(255) COLLATE utf8_unicode_ci DEFAULT '',
  `organizationCreatorDuns` varchar(255) COLLATE utf8_unicode_ci DEFAULT '',
  `organizationCreatorFounder` varchar(255) COLLATE utf8_unicode_ci DEFAULT '',
  `organizationCreatorFoundingDate` varchar(255) COLLATE utf8_unicode_ci DEFAULT '',
  `organizationCreatorFoundingLocation` varchar(255) COLLATE utf8_unicode_ci DEFAULT '',
  `organizationCreatorContactPoints` text COLLATE utf8_unicode_ci,
  `localBusinessCreatorOpeningHours` text COLLATE utf8_unicode_ci,
  `corporationCreatorTickerSymbol` varchar(255) COLLATE utf8_unicode_ci DEFAULT '',
  `restaurantCreatorServesCuisine` varchar(255) COLLATE utf8_unicode_ci DEFAULT '',
  `restaurantCreatorMenuUrl` varchar(255) COLLATE utf8_unicode_ci DEFAULT '',
  `restaurantCreatorReservationsUrl` varchar(255) COLLATE utf8_unicode_ci DEFAULT '',
  `personCreatorGender` varchar(255) COLLATE utf8_unicode_ci DEFAULT '',
  `personCreatorBirthPlace` varchar(255) COLLATE utf8_unicode_ci DEFAULT '',
  `genericCreatorHumansTxt` text COLLATE utf8_unicode_ci,
  `dateCreated` datetime NOT NULL,
  `dateUpdated` datetime NOT NULL,
  `uid` char(36) COLLATE utf8_unicode_ci NOT NULL DEFAULT '0',
  PRIMARY KEY (`id`),
  KEY `craft_seomatic_settings_siteSeoImageId_fk` (`siteSeoImageId`),
  KEY `craft_seomatic_settings_siteSeoTwitterImageId_fk` (`siteSeoTwitterImageId`),
  KEY `craft_seomatic_settings_siteSeoFacebookImageId_fk` (`siteSeoFacebookImageId`),
  KEY `craft_seomatic_settings_genericOwnerImageId_fk` (`genericOwnerImageId`),
  KEY `craft_seomatic_settings_genericCreatorImageId_fk` (`genericCreatorImageId`)
) ENGINE=InnoDB AUTO_INCREMENT=2 DEFAULT CHARSET=utf8 COLLATE=utf8_unicode_ci;

--
-- Data for table `craft_seomatic_settings`
--

INSERT INTO `craft_seomatic_settings` (`id`, `siteSeoImageId`, `siteSeoTwitterImageId`, `siteSeoFacebookImageId`, `genericOwnerImageId`, `genericCreatorImageId`, `locale`, `siteSeoName`, `siteSeoTitle`, `siteSeoTitleSeparator`, `siteSeoTitlePlacement`, `siteSeoDescription`, `siteSeoKeywords`, `siteSeoImageTransform`, `siteSeoFacebookImageTransform`, `siteSeoTwitterImageTransform`, `siteTwitterCardType`, `siteOpenGraphType`, `siteRobots`, `siteRobotsTxt`, `siteLinksSearchTargets`, `siteLinksQueryInput`, `googleSiteVerification`, `bingSiteVerification`, `googleAnalyticsUID`, `googleTagManagerID`, `googleAnalyticsSendPageview`, `googleAnalyticsAdvertising`, `googleAnalyticsEcommerce`, `googleAnalyticsEEcommerce`, `googleAnalyticsLinkAttribution`, `googleAnalyticsLinker`, `googleAnalyticsAnonymizeIp`, `siteOwnerType`, `siteOwnerSubType`, `siteOwnerSpecificType`, `genericOwnerName`, `genericOwnerAlternateName`, `genericOwnerDescription`, `genericOwnerUrl`, `genericOwnerTelephone`, `genericOwnerEmail`, `genericOwnerStreetAddress`, `genericOwnerAddressLocality`, `genericOwnerAddressRegion`, `genericOwnerPostalCode`, `genericOwnerAddressCountry`, `genericOwnerGeoLatitude`, `genericOwnerGeoLongitude`, `organizationOwnerDuns`, `organizationOwnerFounder`, `organizationOwnerFoundingDate`, `organizationOwnerFoundingLocation`, `organizationOwnerContactPoints`, `localBusinessPriceRange`, `localBusinessOwnerOpeningHours`, `corporationOwnerTickerSymbol`, `restaurantOwnerServesCuisine`, `restaurantOwnerMenuUrl`, `restaurantOwnerReservationsUrl`, `personOwnerGender`, `personOwnerBirthPlace`, `twitterHandle`, `facebookHandle`, `facebookProfileId`, `facebookAppId`, `linkedInHandle`, `googlePlusHandle`, `youtubeHandle`, `youtubeChannelHandle`, `instagramHandle`, `pinterestHandle`, `githubHandle`, `vimeoHandle`, `wikipediaUrl`, `siteCreatorType`, `siteCreatorSubType`, `siteCreatorSpecificType`, `genericCreatorName`, `genericCreatorAlternateName`, `genericCreatorDescription`, `genericCreatorUrl`, `genericCreatorTelephone`, `genericCreatorEmail`, `genericCreatorStreetAddress`, `genericCreatorAddressLocality`, `genericCreatorAddressRegion`, `genericCreatorPostalCode`, `genericCreatorAddressCountry`, `genericCreatorGeoLatitude`, `genericCreatorGeoLongitude`, `organizationCreatorDuns`, `organizationCreatorFounder`, `organizationCreatorFoundingDate`, `organizationCreatorFoundingLocation`, `organizationCreatorContactPoints`, `localBusinessCreatorOpeningHours`, `corporationCreatorTickerSymbol`, `restaurantCreatorServesCuisine`, `restaurantCreatorMenuUrl`, `restaurantCreatorReservationsUrl`, `personCreatorGender`, `personCreatorBirthPlace`, `genericCreatorHumansTxt`, `dateCreated`, `dateUpdated`, `uid`) VALUES
 ('1', NULL, NULL, NULL, '7', NULL, 'en_us', 'Red Peak', 'We build identities, systems, and interactions for every touchpoint', '|', 'after', 'We believe brands that create and foster intense emotional connections win in the marketplace. We build identities, systems, movement and interactions for every touchpoint.', '', '', '', '', 'summary', 'website', '', '# robots.txt for {{ siteUrl }}\r\n\r\nSitemap: {{ siteUrl }}/sitemap.xml\r\n\r\n# Don\'t allow web crawlers to index Craft\r\n\r\nUser-agent: *\r\nDisallow: /craft/\r\n', '[]', '', '', '', '', '', '1', '0', '0', '0', '0', '0', '0', 'Organization', 'Corporation', '', 'Red Peak', '', 'Red Peak is our story, not just our name. We believe brands that create and foster intense emotional connections win in the marketplace. Period. So we build identities, systems, movement and interactions for every touchpoint; making each and every detail as personally and emotionally evocative as possible.', '{baseUrl}', '+1 212 792 8930', 'newbusiness@redpeakgroup.com', '', '', '', '', '', '', '', '', '', '', '', '[{\"telephone\":\"+1 (212) 792-8932\",\"contactType\":\"sales\"},{\"telephone\":\"+886 2 8101 6216\",\"contactType\":\"sales\"}]', '$$$', '[{\"open\":\"\",\"close\":\"\"},{\"open\":\"\",\"close\":\"\"},{\"open\":\"\",\"close\":\"\"},{\"open\":\"\",\"close\":\"\"},{\"open\":\"\",\"close\":\"\"},{\"open\":\"\",\"close\":\"\"},{\"open\":\"\",\"close\":\"\"}]', '', '', '', '', 'Male', '', 'redpeakbranding', '', '', '', '', '', '', '', 'redpeakbranding', '', '', '', '', 'Organization', 'Corporation', '', '', '', '', '', '', '', '', '', '', '', '', '', '', '', '', '', '', '', '', '', '', '', '', '', '', '/* TEAM */\n\n{% if seomaticCreator.name is defined and seomaticCreator.name %}\nCreator: {{ seomaticCreator.name }}\n{% endif %}\n{% if seomaticCreator.url is defined and seomaticCreator.url %}\nURL: {{ seomaticCreator.url }}\n{% endif %}\n{% if seomaticCreator.description is defined and seomaticCreator.description %}\nDescription: {{ seomaticCreator.description }}\n{% endif %}\n\n/* THANKS */\n\nPixel & Tonic - https://pixelandtonic.com\n\n/* SITE */\n\nStandards: HTML5, CSS3\nComponents: Craft CMS, Yii, PHP, Javascript, SEOmatic', '2017-02-02 16:48:36', '2017-02-02 19:57:53', '6b3f1a1f-0763-4973-b0c6-047cc61498a7');



DROP TABLE IF EXISTS `craft_sessions`;


--
-- Schema for table `craft_sessions`
--
CREATE TABLE `craft_sessions` (
  `id` int(11) NOT NULL AUTO_INCREMENT,
  `userId` int(11) NOT NULL,
  `token` char(100) COLLATE utf8_unicode_ci NOT NULL,
  `dateCreated` datetime NOT NULL,
  `dateUpdated` datetime NOT NULL,
  `uid` char(36) COLLATE utf8_unicode_ci NOT NULL DEFAULT '0',
  PRIMARY KEY (`id`),
  KEY `craft_sessions_uid_idx` (`uid`),
  KEY `craft_sessions_token_idx` (`token`),
  KEY `craft_sessions_dateUpdated_idx` (`dateUpdated`),
  KEY `craft_sessions_userId_fk` (`userId`)
) ENGINE=InnoDB AUTO_INCREMENT=9 DEFAULT CHARSET=utf8 COLLATE=utf8_unicode_ci;

DROP TABLE IF EXISTS `craft_shunnedmessages`;


--
-- Schema for table `craft_shunnedmessages`
--
CREATE TABLE `craft_shunnedmessages` (
  `id` int(11) NOT NULL AUTO_INCREMENT,
  `userId` int(11) NOT NULL,
  `message` varchar(255) COLLATE utf8_unicode_ci NOT NULL,
  `expiryDate` datetime DEFAULT NULL,
  `dateCreated` datetime NOT NULL,
  `dateUpdated` datetime NOT NULL,
  `uid` char(36) COLLATE utf8_unicode_ci NOT NULL DEFAULT '0',
  PRIMARY KEY (`id`),
  UNIQUE KEY `craft_shunnedmessages_userId_message_unq_idx` (`userId`,`message`)
) ENGINE=InnoDB DEFAULT CHARSET=utf8 COLLATE=utf8_unicode_ci;

DROP TABLE IF EXISTS `craft_structureelements`;


--
-- Schema for table `craft_structureelements`
--
CREATE TABLE `craft_structureelements` (
  `id` int(11) NOT NULL AUTO_INCREMENT,
  `structureId` int(11) NOT NULL,
  `elementId` int(11) DEFAULT NULL,
  `root` int(11) unsigned DEFAULT NULL,
  `lft` int(11) unsigned NOT NULL,
  `rgt` int(11) unsigned NOT NULL,
  `level` smallint(6) unsigned NOT NULL,
  `dateCreated` datetime NOT NULL,
  `dateUpdated` datetime NOT NULL,
  `uid` char(36) COLLATE utf8_unicode_ci NOT NULL DEFAULT '0',
  PRIMARY KEY (`id`),
  UNIQUE KEY `craft_structureelements_structureId_elementId_unq_idx` (`structureId`,`elementId`),
  KEY `craft_structureelements_root_idx` (`root`),
  KEY `craft_structureelements_lft_idx` (`lft`),
  KEY `craft_structureelements_rgt_idx` (`rgt`),
  KEY `craft_structureelements_level_idx` (`level`),
  KEY `craft_structureelements_elementId_fk` (`elementId`)
) ENGINE=InnoDB AUTO_INCREMENT=53 DEFAULT CHARSET=utf8 COLLATE=utf8_unicode_ci;

--
-- Data for table `craft_structureelements`
--

INSERT INTO `craft_structureelements` (`id`, `structureId`, `elementId`, `root`, `lft`, `rgt`, `level`, `dateCreated`, `dateUpdated`, `uid`) VALUES
 ('1', '1', NULL, '1', '1', '6', '0', '2017-02-01 20:35:31', '2017-02-01 20:35:31', 'cef8ae0e-55ff-4d91-b042-df87dcbe650b'),
 ('2', '1', '4', '1', '2', '3', '1', '2017-02-01 20:35:31', '2017-02-01 20:35:31', 'c87b9623-f1fd-4940-9a16-c2998306010d'),
 ('3', '1', '5', '1', '4', '5', '1', '2017-02-01 20:35:48', '2017-02-01 20:35:48', 'fd279873-e243-428e-94c0-c899b5aa5b3a'),
 ('4', '4', NULL, '4', '1', '6', '0', '2017-02-13 19:24:32', '2017-02-13 19:24:32', '17fc6db5-9f7b-4edf-85b0-23681b59b651'),
 ('5', '4', '9', '4', '2', '3', '1', '2017-02-13 19:24:32', '2017-02-13 19:24:32', '3e784b5f-3df3-4585-addd-db084de90143'),
 ('6', '4', '10', '4', '4', '5', '1', '2017-02-13 19:25:01', '2017-02-13 19:25:01', '981a6b15-8c06-403d-ba9f-92e2e916b822'),
 ('28', '9', NULL, '28', '1', '14', '0', '2017-03-13 09:38:05', '2017-03-13 09:38:05', 'e6f59e76-6f18-4da0-bf3c-ed211625bb50'),
 ('29', '9', '15', '28', '2', '5', '1', '2017-03-13 09:38:05', '2017-03-13 09:38:05', '613f13e0-156b-4fe0-91a1-d29faad1bb99'),
 ('30', '9', '16', '28', '3', '4', '2', '2017-03-13 09:38:05', '2017-03-13 09:38:05', 'f06b0036-ffbc-4b28-afab-149078c85f68'),
 ('31', '9', '21', '28', '6', '7', '1', '2017-03-13 09:38:05', '2017-03-13 09:38:05', 'ffedb476-eabd-48d4-96aa-5ae2fe2aa4ab'),
 ('32', '9', '26', '28', '8', '13', '1', '2017-03-13 09:38:05', '2017-03-13 09:38:05', '6077ddc4-a201-4b63-9ae2-b3d725db83f7'),
 ('33', '9', '27', '28', '9', '10', '2', '2017-03-13 09:38:05', '2017-03-13 09:38:05', '135b5391-709f-48d5-9f97-67a3092101be'),
 ('34', '9', '29', '28', '11', '12', '2', '2017-03-13 09:38:05', '2017-03-13 09:38:05', 'ea558cad-18da-4176-8dcb-e5ca5ea4e27f'),
 ('47', '12', NULL, '47', '1', '12', '0', '2017-03-13 10:11:54', '2017-03-13 10:11:54', '2518d58e-63a9-4b31-afff-de74ab14aa04'),
 ('48', '12', '32', '47', '2', '5', '1', '2017-03-13 10:11:54', '2017-03-13 10:11:54', 'e72a1e7f-a094-4086-bba7-4aff56996a18'),
 ('49', '12', '33', '47', '3', '4', '2', '2017-03-13 10:11:54', '2017-03-13 10:11:54', '157908a4-7fe5-4b64-87d2-2eef0c9916f7'),
 ('50', '12', '35', '47', '6', '11', '1', '2017-03-13 10:11:54', '2017-03-13 10:11:54', '3e030586-8bfe-4b7b-8628-a61ad123baa5'),
 ('51', '12', '36', '47', '7', '8', '2', '2017-03-13 10:11:54', '2017-03-13 10:11:54', '584515b2-07e7-471d-9b9f-99d05f2ff0c4'),
 ('52', '12', '38', '47', '9', '10', '2', '2017-03-13 10:11:54', '2017-03-13 10:11:54', '4834790e-b769-4093-87a5-5436b2f7f244');



DROP TABLE IF EXISTS `craft_structures`;


--
-- Schema for table `craft_structures`
--
CREATE TABLE `craft_structures` (
  `id` int(11) NOT NULL AUTO_INCREMENT,
  `maxLevels` smallint(6) unsigned DEFAULT NULL,
  `dateCreated` datetime NOT NULL,
  `dateUpdated` datetime NOT NULL,
  `uid` char(36) COLLATE utf8_unicode_ci NOT NULL DEFAULT '0',
  PRIMARY KEY (`id`)
) ENGINE=InnoDB AUTO_INCREMENT=13 DEFAULT CHARSET=utf8 COLLATE=utf8_unicode_ci;

--
-- Data for table `craft_structures`
--

INSERT INTO `craft_structures` (`id`, `maxLevels`, `dateCreated`, `dateUpdated`, `uid`) VALUES
 ('1', NULL, '2017-02-01 20:34:46', '2017-02-01 20:34:46', '3b5841ac-47ae-4253-8519-cf38ece06087'),
 ('3', NULL, '2017-02-08 20:44:06', '2017-02-08 20:44:06', 'b16b6b8c-8a5a-458b-9a76-c2f5279751ff'),
 ('4', NULL, '2017-02-13 19:23:38', '2017-02-13 19:23:38', '74e5f9d7-5f15-4bad-a7e5-4c2ead1f108d'),
 ('9', NULL, '2017-03-13 09:38:05', '2017-03-13 09:38:05', '8db3a328-3913-455f-995f-77be090f4ba7'),
 ('12', NULL, '2017-03-13 10:11:54', '2017-03-13 10:11:54', 'fb5cb5ba-e076-4810-9012-e011ab0fcd6b');



DROP TABLE IF EXISTS `craft_supertableblocks`;


--
-- Schema for table `craft_supertableblocks`
--
CREATE TABLE `craft_supertableblocks` (
  `id` int(11) NOT NULL,
  `ownerId` int(11) NOT NULL,
  `fieldId` int(11) NOT NULL,
  `typeId` int(11) DEFAULT NULL,
  `sortOrder` smallint(6) unsigned DEFAULT NULL,
  `ownerLocale` char(12) COLLATE utf8_unicode_ci DEFAULT NULL,
  `dateCreated` datetime NOT NULL,
  `dateUpdated` datetime NOT NULL,
  `uid` char(36) COLLATE utf8_unicode_ci NOT NULL DEFAULT '0',
  PRIMARY KEY (`id`),
  KEY `craft_supertableblocks_ownerId_idx` (`ownerId`),
  KEY `craft_supertableblocks_fieldId_idx` (`fieldId`),
  KEY `craft_supertableblocks_typeId_idx` (`typeId`),
  KEY `craft_supertableblocks_sortOrder_idx` (`sortOrder`),
  KEY `craft_supertableblocks_ownerLocale_fk` (`ownerLocale`)
) ENGINE=InnoDB DEFAULT CHARSET=utf8 COLLATE=utf8_unicode_ci;

--
-- Data for table `craft_supertableblocks`
--

INSERT INTO `craft_supertableblocks` (`id`, `ownerId`, `fieldId`, `typeId`, `sortOrder`, `ownerLocale`, `dateCreated`, `dateUpdated`, `uid`) VALUES
 ('17', '16', '46', '4', '1', NULL, '2017-03-11 16:08:09', '2017-03-13 09:38:05', '0aea0342-52b6-4416-a809-3cbae77c1fc6'),
 ('22', '21', '23', '2', '1', NULL, '2017-03-12 23:49:45', '2017-03-12 23:49:45', '42b354e5-d629-499d-9bf7-a051ff0ecef4'),
 ('28', '27', '46', '4', '1', NULL, '2017-03-13 00:44:24', '2017-03-13 00:44:24', '9c1cdf2e-35e9-4b03-9753-658e1d2ea2a3'),
 ('30', '29', '46', '4', '1', NULL, '2017-03-13 00:44:24', '2017-03-13 00:50:48', '4a11a3fd-2894-4ced-8a4b-7135e6c0fc70'),
 ('34', '33', '28', '3', '1', NULL, '2017-03-13 09:46:25', '2017-03-13 09:46:25', 'd2621b3b-62f1-457f-8016-1d6ffaa455b3'),
 ('37', '36', '28', '3', '1', NULL, '2017-03-13 09:46:26', '2017-03-13 09:46:26', '00e4873c-4526-4cf8-a2bd-52af30db194e'),
 ('39', '38', '28', '3', '1', NULL, '2017-03-13 09:46:26', '2017-03-13 09:46:26', '30c61ee1-e635-4d77-8778-a35d9a89bd25');



DROP TABLE IF EXISTS `craft_supertableblocktypes`;


--
-- Schema for table `craft_supertableblocktypes`
--
CREATE TABLE `craft_supertableblocktypes` (
  `id` int(11) NOT NULL AUTO_INCREMENT,
  `fieldId` int(11) NOT NULL,
  `fieldLayoutId` int(11) DEFAULT NULL,
  `dateCreated` datetime NOT NULL,
  `dateUpdated` datetime NOT NULL,
  `uid` char(36) COLLATE utf8_unicode_ci NOT NULL DEFAULT '0',
  PRIMARY KEY (`id`),
  KEY `craft_supertableblocktypes_fieldId_fk` (`fieldId`),
  KEY `craft_supertableblocktypes_fieldLayoutId_fk` (`fieldLayoutId`)
) ENGINE=InnoDB AUTO_INCREMENT=5 DEFAULT CHARSET=utf8 COLLATE=utf8_unicode_ci;

--
-- Data for table `craft_supertableblocktypes`
--

INSERT INTO `craft_supertableblocktypes` (`id`, `fieldId`, `fieldLayoutId`, `dateCreated`, `dateUpdated`, `uid`) VALUES
 ('2', '23', '101', '2017-02-02 23:00:22', '2017-03-13 01:04:13', '168bde97-ef4c-44a6-90ae-8af897500f1a'),
 ('3', '28', '96', '2017-02-02 23:04:58', '2017-02-13 22:02:46', '70714933-ab2f-4f1b-a0ca-4ff7a6f5fe6f'),
 ('4', '46', '95', '2017-02-08 20:48:16', '2017-02-13 22:02:16', '596883ea-f9b6-431a-b1c4-b6c3b2d2154f');



DROP TABLE IF EXISTS `craft_supertablecontent_mediapicker`;


--
-- Schema for table `craft_supertablecontent_mediapicker`
--
CREATE TABLE `craft_supertablecontent_mediapicker` (
  `id` int(11) NOT NULL AUTO_INCREMENT,
  `elementId` int(11) NOT NULL,
  `locale` char(12) COLLATE utf8_unicode_ci NOT NULL,
  `field_titleField` text COLLATE utf8_unicode_ci,
  `field_client` text COLLATE utf8_unicode_ci,
  `field_type` varchar(255) COLLATE utf8_unicode_ci DEFAULT 'image',
  `field_text` text COLLATE utf8_unicode_ci,
  `field_videoUrl` text COLLATE utf8_unicode_ci,
  `field_textColor` varchar(255) COLLATE utf8_unicode_ci DEFAULT 'white',
  `dateCreated` datetime NOT NULL,
  `dateUpdated` datetime NOT NULL,
  `uid` char(36) COLLATE utf8_unicode_ci NOT NULL DEFAULT '0',
  PRIMARY KEY (`id`),
  UNIQUE KEY `craft_supertablecontent_mediapicker_elementId_locale_unq_idx` (`elementId`,`locale`),
  KEY `craft_supertablecontent_mediapicker_locale_idx` (`locale`)
) ENGINE=InnoDB AUTO_INCREMENT=4 DEFAULT CHARSET=utf8 COLLATE=utf8_unicode_ci;

--
-- Data for table `craft_supertablecontent_mediapicker`
--

INSERT INTO `craft_supertablecontent_mediapicker` (`id`, `elementId`, `locale`, `field_titleField`, `field_client`, `field_type`, `field_text`, `field_videoUrl`, `field_textColor`, `dateCreated`, `dateUpdated`, `uid`) VALUES
 ('1', '34', 'en_us', ' INTEL 360° REPLAY', ' Intel', 'image', '', '', 'white', '2017-03-13 09:46:25', '2017-03-13 09:46:25', 'e2f5227b-785d-40f4-adb9-7a35057c1683'),
 ('2', '37', 'en_us', ' PROTECT OUR NATURE', ' Ideo', 'image', '', '', 'white', '2017-03-13 09:46:26', '2017-03-13 09:46:26', '62ec678d-c505-4824-9776-3ec006a9b6a0'),
 ('3', '39', 'en_us', ' A DYNAMIC FONT FOR THE DIGITAL AGE', ' Intel', 'image', '', '', 'white', '2017-03-13 09:46:26', '2017-03-13 09:46:26', '487fb2b6-f3b8-4671-9f64-98b5d0e62b61');



DROP TABLE IF EXISTS `craft_supertablecontent_mediapickerwlink`;


--
-- Schema for table `craft_supertablecontent_mediapickerwlink`
--
CREATE TABLE `craft_supertablecontent_mediapickerwlink` (
  `id` int(11) NOT NULL AUTO_INCREMENT,
  `elementId` int(11) NOT NULL,
  `locale` char(12) COLLATE utf8_unicode_ci NOT NULL,
  `field_titleField` text COLLATE utf8_unicode_ci,
  `field_client` text COLLATE utf8_unicode_ci,
  `field_type` varchar(255) COLLATE utf8_unicode_ci DEFAULT 'image',
  `field_text` text COLLATE utf8_unicode_ci,
  `field_videoUrl` text COLLATE utf8_unicode_ci,
  `field_textColor` varchar(255) COLLATE utf8_unicode_ci DEFAULT 'white',
  `dateCreated` datetime NOT NULL,
  `dateUpdated` datetime NOT NULL,
  `uid` char(36) COLLATE utf8_unicode_ci NOT NULL DEFAULT '0',
  PRIMARY KEY (`id`),
  UNIQUE KEY `craft_supertablecontent_mediapickerwlink_elementId_locale_unq_id` (`elementId`,`locale`),
  KEY `craft_supertablecontent_mediapickerwlink_locale_fk` (`locale`)
) ENGINE=InnoDB AUTO_INCREMENT=4 DEFAULT CHARSET=utf8 COLLATE=utf8_unicode_ci;

--
-- Data for table `craft_supertablecontent_mediapickerwlink`
--

INSERT INTO `craft_supertablecontent_mediapickerwlink` (`id`, `elementId`, `locale`, `field_titleField`, `field_client`, `field_type`, `field_text`, `field_videoUrl`, `field_textColor`, `dateCreated`, `dateUpdated`, `uid`) VALUES
 ('1', '17', 'en_us', 'INTEL 360° Replay', 'Intel', 'image', '', '', 'white', '2017-03-11 16:08:09', '2017-03-13 09:38:05', 'f0731710-f935-4c03-83ca-9f005b551123'),
 ('2', '28', 'en_us', 'PROTECT OUR NATURE', 'Ideo', 'image', '', '', 'white', '2017-03-13 00:44:24', '2017-03-13 00:44:24', '1dd1c1ad-962e-4857-85d9-8c3bb2b2d901'),
 ('3', '30', 'en_us', 'A DYNAMIC FONT FOR THE DIGITAL AGE', 'Intel', 'image', '', '', 'white', '2017-03-13 00:44:24', '2017-03-13 00:50:48', 'ffe9f866-c67f-4a66-bdb7-d3ab24450b7e');



DROP TABLE IF EXISTS `craft_supertablecontent_news4uppicker`;


--
-- Schema for table `craft_supertablecontent_news4uppicker`
--
CREATE TABLE `craft_supertablecontent_news4uppicker` (
  `id` int(11) NOT NULL AUTO_INCREMENT,
  `elementId` int(11) NOT NULL,
  `locale` char(12) COLLATE utf8_unicode_ci NOT NULL,
  `dateCreated` datetime NOT NULL,
  `dateUpdated` datetime NOT NULL,
  `uid` char(36) COLLATE utf8_unicode_ci NOT NULL DEFAULT '0',
  PRIMARY KEY (`id`),
  UNIQUE KEY `craft_supertablecontent_news4uppicker_elementId_locale_unq_idx` (`elementId`,`locale`),
  KEY `craft_supertablecontent_news4uppicker_locale_fk` (`locale`)
) ENGINE=InnoDB AUTO_INCREMENT=2 DEFAULT CHARSET=utf8 COLLATE=utf8_unicode_ci;

--
-- Data for table `craft_supertablecontent_news4uppicker`
--

INSERT INTO `craft_supertablecontent_news4uppicker` (`id`, `elementId`, `locale`, `dateCreated`, `dateUpdated`, `uid`) VALUES
 ('1', '22', 'en_us', '2017-03-12 23:49:45', '2017-03-12 23:49:45', '0e81f220-2fff-4eef-9c9e-b92ac8229641');



DROP TABLE IF EXISTS `craft_systemsettings`;


--
-- Schema for table `craft_systemsettings`
--
CREATE TABLE `craft_systemsettings` (
  `id` int(11) NOT NULL AUTO_INCREMENT,
  `category` varchar(15) COLLATE utf8_unicode_ci NOT NULL,
  `settings` text COLLATE utf8_unicode_ci,
  `dateCreated` datetime NOT NULL,
  `dateUpdated` datetime NOT NULL,
  `uid` char(36) COLLATE utf8_unicode_ci NOT NULL DEFAULT '0',
  PRIMARY KEY (`id`),
  UNIQUE KEY `craft_systemsettings_category_unq_idx` (`category`)
) ENGINE=InnoDB AUTO_INCREMENT=2 DEFAULT CHARSET=utf8 COLLATE=utf8_unicode_ci;

--
-- Data for table `craft_systemsettings`
--

INSERT INTO `craft_systemsettings` (`id`, `category`, `settings`, `dateCreated`, `dateUpdated`, `uid`) VALUES
 ('1', 'email', '{\"protocol\":\"php\",\"emailAddress\":\"stephensmith@pixelpusher.ca\",\"senderName\":\"Craftcms Box\"}', '2017-01-04 21:19:12', '2017-01-04 21:19:12', '5f91eef6-b8ca-488d-8ef4-e0926b850f51');



DROP TABLE IF EXISTS `craft_taggroups`;


--
-- Schema for table `craft_taggroups`
--
CREATE TABLE `craft_taggroups` (
  `id` int(11) NOT NULL AUTO_INCREMENT,
  `name` varchar(255) COLLATE utf8_unicode_ci NOT NULL,
  `handle` varchar(255) COLLATE utf8_unicode_ci NOT NULL,
  `fieldLayoutId` int(10) DEFAULT NULL,
  `dateCreated` datetime NOT NULL,
  `dateUpdated` datetime NOT NULL,
  `uid` char(36) COLLATE utf8_unicode_ci NOT NULL DEFAULT '0',
  PRIMARY KEY (`id`),
  UNIQUE KEY `craft_taggroups_name_unq_idx` (`name`),
  UNIQUE KEY `craft_taggroups_handle_unq_idx` (`handle`),
  KEY `craft_taggroups_fieldLayoutId_fk` (`fieldLayoutId`)
) ENGINE=InnoDB AUTO_INCREMENT=2 DEFAULT CHARSET=utf8 COLLATE=utf8_unicode_ci;

--
-- Data for table `craft_taggroups`
--

INSERT INTO `craft_taggroups` (`id`, `name`, `handle`, `fieldLayoutId`, `dateCreated`, `dateUpdated`, `uid`) VALUES
 ('1', 'Default', 'default', '1', '2017-01-04 21:19:12', '2017-01-04 21:19:12', 'de3ffca4-4c66-4dd5-9bd7-4211b7785d8b');



DROP TABLE IF EXISTS `craft_tags`;


--
-- Schema for table `craft_tags`
--
CREATE TABLE `craft_tags` (
  `id` int(11) NOT NULL,
  `groupId` int(11) NOT NULL,
  `dateCreated` datetime NOT NULL,
  `dateUpdated` datetime NOT NULL,
  `uid` char(36) COLLATE utf8_unicode_ci NOT NULL DEFAULT '0',
  PRIMARY KEY (`id`),
  KEY `craft_tags_groupId_fk` (`groupId`)
) ENGINE=InnoDB DEFAULT CHARSET=utf8 COLLATE=utf8_unicode_ci;

DROP TABLE IF EXISTS `craft_tasks`;


--
-- Schema for table `craft_tasks`
--
CREATE TABLE `craft_tasks` (
  `id` int(11) NOT NULL AUTO_INCREMENT,
  `root` int(11) unsigned DEFAULT NULL,
  `lft` int(11) unsigned NOT NULL,
  `rgt` int(11) unsigned NOT NULL,
  `level` smallint(6) unsigned NOT NULL,
  `currentStep` int(11) unsigned DEFAULT NULL,
  `totalSteps` int(11) unsigned DEFAULT NULL,
  `status` enum('pending','error','running') COLLATE utf8_unicode_ci DEFAULT NULL,
  `type` varchar(150) COLLATE utf8_unicode_ci NOT NULL,
  `description` varchar(255) COLLATE utf8_unicode_ci DEFAULT NULL,
  `settings` mediumtext COLLATE utf8_unicode_ci,
  `dateCreated` datetime NOT NULL,
  `dateUpdated` datetime NOT NULL,
  `uid` char(36) COLLATE utf8_unicode_ci NOT NULL DEFAULT '0',
  PRIMARY KEY (`id`),
  KEY `craft_tasks_root_idx` (`root`),
  KEY `craft_tasks_lft_idx` (`lft`),
  KEY `craft_tasks_rgt_idx` (`rgt`),
  KEY `craft_tasks_level_idx` (`level`)
) ENGINE=InnoDB AUTO_INCREMENT=62 DEFAULT CHARSET=utf8 COLLATE=utf8_unicode_ci;

DROP TABLE IF EXISTS `craft_templatecachecriteria`;


--
-- Schema for table `craft_templatecachecriteria`
--
CREATE TABLE `craft_templatecachecriteria` (
  `id` int(11) NOT NULL AUTO_INCREMENT,
  `cacheId` int(11) NOT NULL,
  `type` varchar(150) COLLATE utf8_unicode_ci NOT NULL,
  `criteria` text COLLATE utf8_unicode_ci NOT NULL,
  PRIMARY KEY (`id`),
  KEY `craft_templatecachecriteria_cacheId_fk` (`cacheId`),
  KEY `craft_templatecachecriteria_type_idx` (`type`)
) ENGINE=InnoDB DEFAULT CHARSET=utf8 COLLATE=utf8_unicode_ci;

DROP TABLE IF EXISTS `craft_templatecacheelements`;


--
-- Schema for table `craft_templatecacheelements`
--
CREATE TABLE `craft_templatecacheelements` (
  `cacheId` int(11) NOT NULL,
  `elementId` int(11) NOT NULL,
  KEY `craft_templatecacheelements_cacheId_fk` (`cacheId`),
  KEY `craft_templatecacheelements_elementId_fk` (`elementId`)
) ENGINE=InnoDB DEFAULT CHARSET=utf8 COLLATE=utf8_unicode_ci;

DROP TABLE IF EXISTS `craft_templatecaches`;


--
-- Schema for table `craft_templatecaches`
--
CREATE TABLE `craft_templatecaches` (
  `id` int(11) NOT NULL AUTO_INCREMENT,
  `cacheKey` varchar(255) COLLATE utf8_unicode_ci NOT NULL,
  `locale` char(12) COLLATE utf8_unicode_ci NOT NULL,
  `path` varchar(255) COLLATE utf8_unicode_ci DEFAULT NULL,
  `expiryDate` datetime NOT NULL,
  `body` mediumtext COLLATE utf8_unicode_ci NOT NULL,
  PRIMARY KEY (`id`),
  KEY `craft_templatecaches_expiryDate_cacheKey_locale_path_idx` (`expiryDate`,`cacheKey`,`locale`,`path`),
  KEY `craft_templatecaches_locale_fk` (`locale`)
) ENGINE=InnoDB DEFAULT CHARSET=utf8 COLLATE=utf8_unicode_ci;

DROP TABLE IF EXISTS `craft_tokens`;


--
-- Schema for table `craft_tokens`
--
CREATE TABLE `craft_tokens` (
  `id` int(11) NOT NULL AUTO_INCREMENT,
  `token` char(32) COLLATE utf8_unicode_ci NOT NULL,
  `route` text COLLATE utf8_unicode_ci,
  `usageLimit` tinyint(3) unsigned DEFAULT NULL,
  `usageCount` tinyint(3) unsigned DEFAULT NULL,
  `expiryDate` datetime NOT NULL,
  `dateCreated` datetime NOT NULL,
  `dateUpdated` datetime NOT NULL,
  `uid` char(36) COLLATE utf8_unicode_ci NOT NULL DEFAULT '0',
  PRIMARY KEY (`id`),
  UNIQUE KEY `craft_tokens_token_unq_idx` (`token`),
  KEY `craft_tokens_expiryDate_idx` (`expiryDate`)
) ENGINE=InnoDB DEFAULT CHARSET=utf8 COLLATE=utf8_unicode_ci;

DROP TABLE IF EXISTS `craft_usergroups`;


--
-- Schema for table `craft_usergroups`
--
CREATE TABLE `craft_usergroups` (
  `id` int(11) NOT NULL AUTO_INCREMENT,
  `name` varchar(255) COLLATE utf8_unicode_ci NOT NULL,
  `handle` varchar(255) COLLATE utf8_unicode_ci NOT NULL,
  `dateCreated` datetime NOT NULL,
  `dateUpdated` datetime NOT NULL,
  `uid` char(36) COLLATE utf8_unicode_ci NOT NULL DEFAULT '0',
  PRIMARY KEY (`id`),
  UNIQUE KEY `craft_usergroups_name_unq_idx` (`name`),
  UNIQUE KEY `craft_usergroups_handle_unq_idx` (`handle`)
) ENGINE=InnoDB DEFAULT CHARSET=utf8 COLLATE=utf8_unicode_ci;

DROP TABLE IF EXISTS `craft_usergroups_users`;


--
-- Schema for table `craft_usergroups_users`
--
CREATE TABLE `craft_usergroups_users` (
  `id` int(11) NOT NULL AUTO_INCREMENT,
  `groupId` int(11) NOT NULL,
  `userId` int(11) NOT NULL,
  `dateCreated` datetime NOT NULL,
  `dateUpdated` datetime NOT NULL,
  `uid` char(36) COLLATE utf8_unicode_ci NOT NULL DEFAULT '0',
  PRIMARY KEY (`id`),
  UNIQUE KEY `craft_usergroups_users_groupId_userId_unq_idx` (`groupId`,`userId`),
  KEY `craft_usergroups_users_userId_fk` (`userId`)
) ENGINE=InnoDB DEFAULT CHARSET=utf8 COLLATE=utf8_unicode_ci;

DROP TABLE IF EXISTS `craft_userpermissions`;


--
-- Schema for table `craft_userpermissions`
--
CREATE TABLE `craft_userpermissions` (
  `id` int(11) NOT NULL AUTO_INCREMENT,
  `name` varchar(255) COLLATE utf8_unicode_ci NOT NULL,
  `dateCreated` datetime NOT NULL,
  `dateUpdated` datetime NOT NULL,
  `uid` char(36) COLLATE utf8_unicode_ci NOT NULL DEFAULT '0',
  PRIMARY KEY (`id`),
  UNIQUE KEY `craft_userpermissions_name_unq_idx` (`name`)
) ENGINE=InnoDB DEFAULT CHARSET=utf8 COLLATE=utf8_unicode_ci;

DROP TABLE IF EXISTS `craft_userpermissions_usergroups`;


--
-- Schema for table `craft_userpermissions_usergroups`
--
CREATE TABLE `craft_userpermissions_usergroups` (
  `id` int(11) NOT NULL AUTO_INCREMENT,
  `permissionId` int(11) NOT NULL,
  `groupId` int(11) NOT NULL,
  `dateCreated` datetime NOT NULL,
  `dateUpdated` datetime NOT NULL,
  `uid` char(36) COLLATE utf8_unicode_ci NOT NULL DEFAULT '0',
  PRIMARY KEY (`id`),
  UNIQUE KEY `craft_userpermissions_usergroups_permissionId_groupId_unq_idx` (`permissionId`,`groupId`),
  KEY `craft_userpermissions_usergroups_groupId_fk` (`groupId`)
) ENGINE=InnoDB DEFAULT CHARSET=utf8 COLLATE=utf8_unicode_ci;

DROP TABLE IF EXISTS `craft_userpermissions_users`;


--
-- Schema for table `craft_userpermissions_users`
--
CREATE TABLE `craft_userpermissions_users` (
  `id` int(11) NOT NULL AUTO_INCREMENT,
  `permissionId` int(11) NOT NULL,
  `userId` int(11) NOT NULL,
  `dateCreated` datetime NOT NULL,
  `dateUpdated` datetime NOT NULL,
  `uid` char(36) COLLATE utf8_unicode_ci NOT NULL DEFAULT '0',
  PRIMARY KEY (`id`),
  UNIQUE KEY `craft_userpermissions_users_permissionId_userId_unq_idx` (`permissionId`,`userId`),
  KEY `craft_userpermissions_users_userId_fk` (`userId`)
) ENGINE=InnoDB DEFAULT CHARSET=utf8 COLLATE=utf8_unicode_ci;

DROP TABLE IF EXISTS `craft_users`;


--
-- Schema for table `craft_users`
--
CREATE TABLE `craft_users` (
  `id` int(11) NOT NULL,
  `username` varchar(100) COLLATE utf8_unicode_ci NOT NULL,
  `photo` varchar(100) COLLATE utf8_unicode_ci DEFAULT NULL,
  `firstName` varchar(100) COLLATE utf8_unicode_ci DEFAULT NULL,
  `lastName` varchar(100) COLLATE utf8_unicode_ci DEFAULT NULL,
  `email` varchar(255) COLLATE utf8_unicode_ci NOT NULL,
  `password` char(255) COLLATE utf8_unicode_ci DEFAULT NULL,
  `preferredLocale` char(12) COLLATE utf8_unicode_ci DEFAULT NULL,
  `weekStartDay` tinyint(1) unsigned NOT NULL DEFAULT '0',
  `admin` tinyint(1) unsigned NOT NULL DEFAULT '0',
  `client` tinyint(1) unsigned NOT NULL DEFAULT '0',
  `locked` tinyint(1) unsigned NOT NULL DEFAULT '0',
  `suspended` tinyint(1) unsigned NOT NULL DEFAULT '0',
  `pending` tinyint(1) unsigned NOT NULL DEFAULT '0',
  `archived` tinyint(1) unsigned NOT NULL DEFAULT '0',
  `lastLoginDate` datetime DEFAULT NULL,
  `lastLoginAttemptIPAddress` varchar(45) COLLATE utf8_unicode_ci DEFAULT NULL,
  `invalidLoginWindowStart` datetime DEFAULT NULL,
  `invalidLoginCount` tinyint(4) unsigned DEFAULT NULL,
  `lastInvalidLoginDate` datetime DEFAULT NULL,
  `lockoutDate` datetime DEFAULT NULL,
  `verificationCode` char(100) COLLATE utf8_unicode_ci DEFAULT NULL,
  `verificationCodeIssuedDate` datetime DEFAULT NULL,
  `unverifiedEmail` varchar(255) COLLATE utf8_unicode_ci DEFAULT NULL,
  `passwordResetRequired` tinyint(1) unsigned NOT NULL DEFAULT '0',
  `lastPasswordChangeDate` datetime DEFAULT NULL,
  `dateCreated` datetime NOT NULL,
  `dateUpdated` datetime NOT NULL,
  `uid` char(36) COLLATE utf8_unicode_ci NOT NULL DEFAULT '0',
  PRIMARY KEY (`id`),
  UNIQUE KEY `craft_users_username_unq_idx` (`username`),
  UNIQUE KEY `craft_users_email_unq_idx` (`email`),
  KEY `craft_users_verificationCode_idx` (`verificationCode`),
  KEY `craft_users_uid_idx` (`uid`),
  KEY `craft_users_preferredLocale_fk` (`preferredLocale`)
) ENGINE=InnoDB DEFAULT CHARSET=utf8 COLLATE=utf8_unicode_ci;

--
-- Data for table `craft_users`
--

INSERT INTO `craft_users` (`id`, `username`, `photo`, `firstName`, `lastName`, `email`, `password`, `preferredLocale`, `weekStartDay`, `admin`, `client`, `locked`, `suspended`, `pending`, `archived`, `lastLoginDate`, `lastLoginAttemptIPAddress`, `invalidLoginWindowStart`, `invalidLoginCount`, `lastInvalidLoginDate`, `lockoutDate`, `verificationCode`, `verificationCodeIssuedDate`, `unverifiedEmail`, `passwordResetRequired`, `lastPasswordChangeDate`, `dateCreated`, `dateUpdated`, `uid`) VALUES
 ('1', 'admin', NULL, 'Stephen', 'Smith', 'stephensmith@pixelpusher.ca', '$2y$13$jsBb7xJykQcTRZCLZ6bs.uaZ2ZikVqB6Clz1fYH/VOBD2iK54JxZK', NULL, '0', '1', '0', '0', '0', '0', '0', '2017-03-13 09:36:39', '87.122.111.71', NULL, NULL, NULL, NULL, NULL, NULL, NULL, '0', '2017-01-04 21:19:12', '2017-01-04 21:19:12', '2017-03-13 09:36:39', '04a6ff3e-8b14-46a9-af40-7253a7920b6e');



DROP TABLE IF EXISTS `craft_widgets`;


--
-- Schema for table `craft_widgets`
--
CREATE TABLE `craft_widgets` (
  `id` int(11) NOT NULL AUTO_INCREMENT,
  `userId` int(11) NOT NULL,
  `type` varchar(150) COLLATE utf8_unicode_ci NOT NULL,
  `sortOrder` smallint(6) unsigned DEFAULT NULL,
  `colspan` tinyint(4) unsigned DEFAULT NULL,
  `settings` text COLLATE utf8_unicode_ci,
  `enabled` tinyint(1) unsigned NOT NULL DEFAULT '1',
  `dateCreated` datetime NOT NULL,
  `dateUpdated` datetime NOT NULL,
  `uid` char(36) COLLATE utf8_unicode_ci NOT NULL DEFAULT '0',
  PRIMARY KEY (`id`),
  KEY `craft_widgets_userId_fk` (`userId`)
) ENGINE=InnoDB AUTO_INCREMENT=5 DEFAULT CHARSET=utf8 COLLATE=utf8_unicode_ci;

--
-- Data for table `craft_widgets`
--

INSERT INTO `craft_widgets` (`id`, `userId`, `type`, `sortOrder`, `colspan`, `settings`, `enabled`, `dateCreated`, `dateUpdated`, `uid`) VALUES
 ('1', '1', 'RecentEntries', '1', NULL, NULL, '1', '2017-01-04 21:19:18', '2017-01-04 21:19:18', 'd0f3ce80-97a6-4d7d-886f-246b9e4a9c86'),
 ('2', '1', 'GetHelp', '2', NULL, NULL, '1', '2017-01-04 21:19:18', '2017-01-04 21:19:18', 'e1c5f419-3b8f-411d-80fd-e7d672b6ec4c'),
 ('3', '1', 'Updates', '3', NULL, NULL, '1', '2017-01-04 21:19:18', '2017-01-04 21:19:18', '8c7229ab-69be-447a-9bbe-dd527e72fd0c'),
 ('4', '1', 'Feed', '4', NULL, '{\"url\":\"https:\\/\\/craftcms.com\\/news.rss\",\"title\":\"Craft News\"}', '1', '2017-01-04 21:19:18', '2017-01-04 21:19:18', '8ba0bc17-eb64-4c5b-9f0f-c275187790f2');


--
-- Constraints for tables
--


--
-- Constraints for table `craft_assetfiles`
--
ALTER TABLE `craft_assetfiles`
	ADD CONSTRAINT `craft_assetfiles_folderId_fk` FOREIGN KEY (`folderId`) REFERENCES `craft_assetfolders` (`id`) ON DELETE CASCADE,
	ADD CONSTRAINT `craft_assetfiles_id_fk` FOREIGN KEY (`id`) REFERENCES `craft_elements` (`id`) ON DELETE CASCADE,
	ADD CONSTRAINT `craft_assetfiles_sourceId_fk` FOREIGN KEY (`sourceId`) REFERENCES `craft_assetsources` (`id`) ON DELETE CASCADE;

--
-- Constraints for table `craft_assetfolders`
--
ALTER TABLE `craft_assetfolders`
	ADD CONSTRAINT `craft_assetfolders_parentId_fk` FOREIGN KEY (`parentId`) REFERENCES `craft_assetfolders` (`id`) ON DELETE CASCADE,
	ADD CONSTRAINT `craft_assetfolders_sourceId_fk` FOREIGN KEY (`sourceId`) REFERENCES `craft_assetsources` (`id`) ON DELETE CASCADE;

--
-- Constraints for table `craft_assetindexdata`
--
ALTER TABLE `craft_assetindexdata`
	ADD CONSTRAINT `craft_assetindexdata_sourceId_fk` FOREIGN KEY (`sourceId`) REFERENCES `craft_assetsources` (`id`) ON DELETE CASCADE;

--
-- Constraints for table `craft_assetsources`
--
ALTER TABLE `craft_assetsources`
	ADD CONSTRAINT `craft_assetsources_fieldLayoutId_fk` FOREIGN KEY (`fieldLayoutId`) REFERENCES `craft_fieldlayouts` (`id`) ON DELETE SET NULL;

--
-- Constraints for table `craft_categories`
--
ALTER TABLE `craft_categories`
	ADD CONSTRAINT `craft_categories_groupId_fk` FOREIGN KEY (`groupId`) REFERENCES `craft_categorygroups` (`id`) ON DELETE CASCADE,
	ADD CONSTRAINT `craft_categories_id_fk` FOREIGN KEY (`id`) REFERENCES `craft_elements` (`id`) ON DELETE CASCADE;

--
-- Constraints for table `craft_categorygroups`
--
ALTER TABLE `craft_categorygroups`
	ADD CONSTRAINT `craft_categorygroups_fieldLayoutId_fk` FOREIGN KEY (`fieldLayoutId`) REFERENCES `craft_fieldlayouts` (`id`) ON DELETE SET NULL,
	ADD CONSTRAINT `craft_categorygroups_structureId_fk` FOREIGN KEY (`structureId`) REFERENCES `craft_structures` (`id`) ON DELETE CASCADE;

--
-- Constraints for table `craft_categorygroups_i18n`
--
ALTER TABLE `craft_categorygroups_i18n`
	ADD CONSTRAINT `craft_categorygroups_i18n_groupId_fk` FOREIGN KEY (`groupId`) REFERENCES `craft_categorygroups` (`id`) ON DELETE CASCADE,
	ADD CONSTRAINT `craft_categorygroups_i18n_locale_fk` FOREIGN KEY (`locale`) REFERENCES `craft_locales` (`locale`) ON DELETE CASCADE ON UPDATE CASCADE;

--
-- Constraints for table `craft_content`
--
ALTER TABLE `craft_content`
	ADD CONSTRAINT `craft_content_elementId_fk` FOREIGN KEY (`elementId`) REFERENCES `craft_elements` (`id`) ON DELETE CASCADE,
	ADD CONSTRAINT `craft_content_locale_fk` FOREIGN KEY (`locale`) REFERENCES `craft_locales` (`locale`) ON DELETE CASCADE ON UPDATE CASCADE;

--
-- Constraints for table `craft_elements_i18n`
--
ALTER TABLE `craft_elements_i18n`
	ADD CONSTRAINT `craft_elements_i18n_elementId_fk` FOREIGN KEY (`elementId`) REFERENCES `craft_elements` (`id`) ON DELETE CASCADE,
	ADD CONSTRAINT `craft_elements_i18n_locale_fk` FOREIGN KEY (`locale`) REFERENCES `craft_locales` (`locale`) ON DELETE CASCADE ON UPDATE CASCADE;

--
-- Constraints for table `craft_emailmessages`
--
ALTER TABLE `craft_emailmessages`
	ADD CONSTRAINT `craft_emailmessages_locale_fk` FOREIGN KEY (`locale`) REFERENCES `craft_locales` (`locale`) ON DELETE CASCADE ON UPDATE CASCADE;

--
-- Constraints for table `craft_entries`
--
ALTER TABLE `craft_entries`
	ADD CONSTRAINT `craft_entries_authorId_fk` FOREIGN KEY (`authorId`) REFERENCES `craft_users` (`id`) ON DELETE CASCADE,
	ADD CONSTRAINT `craft_entries_id_fk` FOREIGN KEY (`id`) REFERENCES `craft_elements` (`id`) ON DELETE CASCADE,
	ADD CONSTRAINT `craft_entries_sectionId_fk` FOREIGN KEY (`sectionId`) REFERENCES `craft_sections` (`id`) ON DELETE CASCADE,
	ADD CONSTRAINT `craft_entries_typeId_fk` FOREIGN KEY (`typeId`) REFERENCES `craft_entrytypes` (`id`) ON DELETE CASCADE;

--
-- Constraints for table `craft_entrydrafts`
--
ALTER TABLE `craft_entrydrafts`
	ADD CONSTRAINT `craft_entrydrafts_creatorId_fk` FOREIGN KEY (`creatorId`) REFERENCES `craft_users` (`id`) ON DELETE CASCADE,
	ADD CONSTRAINT `craft_entrydrafts_entryId_fk` FOREIGN KEY (`entryId`) REFERENCES `craft_entries` (`id`) ON DELETE CASCADE,
	ADD CONSTRAINT `craft_entrydrafts_locale_fk` FOREIGN KEY (`locale`) REFERENCES `craft_locales` (`locale`) ON DELETE CASCADE ON UPDATE CASCADE,
	ADD CONSTRAINT `craft_entrydrafts_sectionId_fk` FOREIGN KEY (`sectionId`) REFERENCES `craft_sections` (`id`) ON DELETE CASCADE;

--
-- Constraints for table `craft_entrytypes`
--
ALTER TABLE `craft_entrytypes`
	ADD CONSTRAINT `craft_entrytypes_fieldLayoutId_fk` FOREIGN KEY (`fieldLayoutId`) REFERENCES `craft_fieldlayouts` (`id`) ON DELETE SET NULL,
	ADD CONSTRAINT `craft_entrytypes_sectionId_fk` FOREIGN KEY (`sectionId`) REFERENCES `craft_sections` (`id`) ON DELETE CASCADE;

--
-- Constraints for table `craft_entryversions`
--
ALTER TABLE `craft_entryversions`
	ADD CONSTRAINT `craft_entryversions_creatorId_fk` FOREIGN KEY (`creatorId`) REFERENCES `craft_users` (`id`) ON DELETE SET NULL,
	ADD CONSTRAINT `craft_entryversions_entryId_fk` FOREIGN KEY (`entryId`) REFERENCES `craft_entries` (`id`) ON DELETE CASCADE,
	ADD CONSTRAINT `craft_entryversions_locale_fk` FOREIGN KEY (`locale`) REFERENCES `craft_locales` (`locale`) ON DELETE CASCADE ON UPDATE CASCADE,
	ADD CONSTRAINT `craft_entryversions_sectionId_fk` FOREIGN KEY (`sectionId`) REFERENCES `craft_sections` (`id`) ON DELETE CASCADE;

--
-- Constraints for table `craft_fieldlayoutfields`
--
ALTER TABLE `craft_fieldlayoutfields`
	ADD CONSTRAINT `craft_fieldlayoutfields_fieldId_fk` FOREIGN KEY (`fieldId`) REFERENCES `craft_fields` (`id`) ON DELETE CASCADE,
	ADD CONSTRAINT `craft_fieldlayoutfields_layoutId_fk` FOREIGN KEY (`layoutId`) REFERENCES `craft_fieldlayouts` (`id`) ON DELETE CASCADE,
	ADD CONSTRAINT `craft_fieldlayoutfields_tabId_fk` FOREIGN KEY (`tabId`) REFERENCES `craft_fieldlayouttabs` (`id`) ON DELETE CASCADE;

--
-- Constraints for table `craft_fieldlayouttabs`
--
ALTER TABLE `craft_fieldlayouttabs`
	ADD CONSTRAINT `craft_fieldlayouttabs_layoutId_fk` FOREIGN KEY (`layoutId`) REFERENCES `craft_fieldlayouts` (`id`) ON DELETE CASCADE;

--
-- Constraints for table `craft_fields`
--
ALTER TABLE `craft_fields`
	ADD CONSTRAINT `craft_fields_groupId_fk` FOREIGN KEY (`groupId`) REFERENCES `craft_fieldgroups` (`id`) ON DELETE CASCADE;

--
-- Constraints for table `craft_globalsets`
--
ALTER TABLE `craft_globalsets`
	ADD CONSTRAINT `craft_globalsets_fieldLayoutId_fk` FOREIGN KEY (`fieldLayoutId`) REFERENCES `craft_fieldlayouts` (`id`) ON DELETE SET NULL,
	ADD CONSTRAINT `craft_globalsets_id_fk` FOREIGN KEY (`id`) REFERENCES `craft_elements` (`id`) ON DELETE CASCADE;

--
-- Constraints for table `craft_matrixblocks`
--
ALTER TABLE `craft_matrixblocks`
	ADD CONSTRAINT `craft_matrixblocks_fieldId_fk` FOREIGN KEY (`fieldId`) REFERENCES `craft_fields` (`id`) ON DELETE CASCADE,
	ADD CONSTRAINT `craft_matrixblocks_id_fk` FOREIGN KEY (`id`) REFERENCES `craft_elements` (`id`) ON DELETE CASCADE,
	ADD CONSTRAINT `craft_matrixblocks_ownerId_fk` FOREIGN KEY (`ownerId`) REFERENCES `craft_elements` (`id`) ON DELETE CASCADE,
	ADD CONSTRAINT `craft_matrixblocks_ownerLocale_fk` FOREIGN KEY (`ownerLocale`) REFERENCES `craft_locales` (`locale`) ON DELETE CASCADE ON UPDATE CASCADE,
	ADD CONSTRAINT `craft_matrixblocks_typeId_fk` FOREIGN KEY (`typeId`) REFERENCES `craft_matrixblocktypes` (`id`) ON DELETE CASCADE;

--
-- Constraints for table `craft_matrixblocktypes`
--
ALTER TABLE `craft_matrixblocktypes`
	ADD CONSTRAINT `craft_matrixblocktypes_fieldId_fk` FOREIGN KEY (`fieldId`) REFERENCES `craft_fields` (`id`) ON DELETE CASCADE,
	ADD CONSTRAINT `craft_matrixblocktypes_fieldLayoutId_fk` FOREIGN KEY (`fieldLayoutId`) REFERENCES `craft_fieldlayouts` (`id`) ON DELETE SET NULL;

--
-- Constraints for table `craft_migrations`
--
ALTER TABLE `craft_migrations`
	ADD CONSTRAINT `craft_migrations_pluginId_fk` FOREIGN KEY (`pluginId`) REFERENCES `craft_plugins` (`id`) ON DELETE CASCADE;

--
-- Constraints for table `craft_neoblocks`
--
ALTER TABLE `craft_neoblocks`
	ADD CONSTRAINT `craft_neoblocks_fieldId_fk` FOREIGN KEY (`fieldId`) REFERENCES `craft_fields` (`id`) ON DELETE CASCADE,
	ADD CONSTRAINT `craft_neoblocks_id_fk` FOREIGN KEY (`id`) REFERENCES `craft_elements` (`id`) ON DELETE CASCADE,
	ADD CONSTRAINT `craft_neoblocks_ownerId_fk` FOREIGN KEY (`ownerId`) REFERENCES `craft_elements` (`id`) ON DELETE CASCADE,
	ADD CONSTRAINT `craft_neoblocks_ownerLocale_fk` FOREIGN KEY (`ownerLocale`) REFERENCES `craft_locales` (`locale`) ON DELETE CASCADE ON UPDATE CASCADE,
	ADD CONSTRAINT `craft_neoblocks_typeId_fk` FOREIGN KEY (`typeId`) REFERENCES `craft_neoblocktypes` (`id`) ON DELETE CASCADE;

--
-- Constraints for table `craft_neoblockstructures`
--
ALTER TABLE `craft_neoblockstructures`
	ADD CONSTRAINT `craft_neoblockstructures_fieldId_fk` FOREIGN KEY (`fieldId`) REFERENCES `craft_fields` (`id`) ON DELETE CASCADE,
	ADD CONSTRAINT `craft_neoblockstructures_ownerId_fk` FOREIGN KEY (`ownerId`) REFERENCES `craft_elements` (`id`) ON DELETE CASCADE,
	ADD CONSTRAINT `craft_neoblockstructures_ownerLocale_fk` FOREIGN KEY (`ownerLocale`) REFERENCES `craft_locales` (`locale`) ON DELETE CASCADE ON UPDATE CASCADE,
	ADD CONSTRAINT `craft_neoblockstructures_structureId_fk` FOREIGN KEY (`structureId`) REFERENCES `craft_structures` (`id`) ON DELETE CASCADE;

--
-- Constraints for table `craft_neoblocktypes`
--
ALTER TABLE `craft_neoblocktypes`
	ADD CONSTRAINT `craft_neoblocktypes_fieldId_fk` FOREIGN KEY (`fieldId`) REFERENCES `craft_fields` (`id`) ON DELETE CASCADE,
	ADD CONSTRAINT `craft_neoblocktypes_fieldLayoutId_fk` FOREIGN KEY (`fieldLayoutId`) REFERENCES `craft_fieldlayouts` (`id`) ON DELETE SET NULL;

--
-- Constraints for table `craft_neogroups`
--
ALTER TABLE `craft_neogroups`
	ADD CONSTRAINT `craft_neogroups_fieldId_fk` FOREIGN KEY (`fieldId`) REFERENCES `craft_fields` (`id`) ON DELETE CASCADE;

--
-- Constraints for table `craft_pimpmymatrix_blocktypes`
--
ALTER TABLE `craft_pimpmymatrix_blocktypes`
	ADD CONSTRAINT `craft_pimpmymatrix_blocktypes_fieldId_fk` FOREIGN KEY (`fieldId`) REFERENCES `craft_fields` (`id`) ON DELETE CASCADE,
	ADD CONSTRAINT `craft_pimpmymatrix_blocktypes_fieldLayoutId_fk` FOREIGN KEY (`fieldLayoutId`) REFERENCES `craft_fieldlayouts` (`id`) ON DELETE SET NULL,
	ADD CONSTRAINT `craft_pimpmymatrix_blocktypes_matrixBlockTypeId_fk` FOREIGN KEY (`matrixBlockTypeId`) REFERENCES `craft_matrixblocktypes` (`id`) ON DELETE CASCADE;

--
-- Constraints for table `craft_reasons`
--
ALTER TABLE `craft_reasons`
	ADD CONSTRAINT `craft_reasons_fieldLayoutId_fk` FOREIGN KEY (`fieldLayoutId`) REFERENCES `craft_fieldlayouts` (`id`) ON DELETE CASCADE;

--
-- Constraints for table `craft_relabel`
--
ALTER TABLE `craft_relabel`
	ADD CONSTRAINT `craft_relabel_fieldId_fk` FOREIGN KEY (`fieldId`) REFERENCES `craft_fields` (`id`) ON DELETE CASCADE,
	ADD CONSTRAINT `craft_relabel_fieldLayoutId_fk` FOREIGN KEY (`fieldLayoutId`) REFERENCES `craft_fieldlayouts` (`id`) ON DELETE CASCADE;

--
-- Constraints for table `craft_relations`
--
ALTER TABLE `craft_relations`
	ADD CONSTRAINT `craft_relations_fieldId_fk` FOREIGN KEY (`fieldId`) REFERENCES `craft_fields` (`id`) ON DELETE CASCADE,
	ADD CONSTRAINT `craft_relations_sourceId_fk` FOREIGN KEY (`sourceId`) REFERENCES `craft_elements` (`id`) ON DELETE CASCADE,
	ADD CONSTRAINT `craft_relations_sourceLocale_fk` FOREIGN KEY (`sourceLocale`) REFERENCES `craft_locales` (`locale`) ON DELETE CASCADE ON UPDATE CASCADE,
	ADD CONSTRAINT `craft_relations_targetId_fk` FOREIGN KEY (`targetId`) REFERENCES `craft_elements` (`id`) ON DELETE CASCADE;

--
-- Constraints for table `craft_routes`
--
ALTER TABLE `craft_routes`
	ADD CONSTRAINT `craft_routes_locale_fk` FOREIGN KEY (`locale`) REFERENCES `craft_locales` (`locale`) ON DELETE CASCADE ON UPDATE CASCADE;

--
-- Constraints for table `craft_sections`
--
ALTER TABLE `craft_sections`
	ADD CONSTRAINT `craft_sections_structureId_fk` FOREIGN KEY (`structureId`) REFERENCES `craft_structures` (`id`) ON DELETE SET NULL;

--
-- Constraints for table `craft_sections_i18n`
--
ALTER TABLE `craft_sections_i18n`
	ADD CONSTRAINT `craft_sections_i18n_locale_fk` FOREIGN KEY (`locale`) REFERENCES `craft_locales` (`locale`) ON DELETE CASCADE ON UPDATE CASCADE,
	ADD CONSTRAINT `craft_sections_i18n_sectionId_fk` FOREIGN KEY (`sectionId`) REFERENCES `craft_sections` (`id`) ON DELETE CASCADE;

--
-- Constraints for table `craft_seomatic_meta`
--
ALTER TABLE `craft_seomatic_meta`
	ADD CONSTRAINT `craft_seomatic_meta_id_fk` FOREIGN KEY (`id`) REFERENCES `craft_elements` (`id`) ON DELETE CASCADE,
	ADD CONSTRAINT `craft_seomatic_meta_seoFacebookImageId_fk` FOREIGN KEY (`seoFacebookImageId`) REFERENCES `craft_assetfiles` (`id`) ON DELETE SET NULL,
	ADD CONSTRAINT `craft_seomatic_meta_seoImageId_fk` FOREIGN KEY (`seoImageId`) REFERENCES `craft_assetfiles` (`id`) ON DELETE SET NULL,
	ADD CONSTRAINT `craft_seomatic_meta_seoTwitterImageId_fk` FOREIGN KEY (`seoTwitterImageId`) REFERENCES `craft_assetfiles` (`id`) ON DELETE SET NULL;

--
-- Constraints for table `craft_seomatic_settings`
--
ALTER TABLE `craft_seomatic_settings`
	ADD CONSTRAINT `craft_seomatic_settings_genericCreatorImageId_fk` FOREIGN KEY (`genericCreatorImageId`) REFERENCES `craft_assetfiles` (`id`) ON DELETE SET NULL,
	ADD CONSTRAINT `craft_seomatic_settings_genericOwnerImageId_fk` FOREIGN KEY (`genericOwnerImageId`) REFERENCES `craft_assetfiles` (`id`) ON DELETE SET NULL,
	ADD CONSTRAINT `craft_seomatic_settings_siteSeoFacebookImageId_fk` FOREIGN KEY (`siteSeoFacebookImageId`) REFERENCES `craft_assetfiles` (`id`) ON DELETE SET NULL,
	ADD CONSTRAINT `craft_seomatic_settings_siteSeoImageId_fk` FOREIGN KEY (`siteSeoImageId`) REFERENCES `craft_assetfiles` (`id`) ON DELETE SET NULL,
	ADD CONSTRAINT `craft_seomatic_settings_siteSeoTwitterImageId_fk` FOREIGN KEY (`siteSeoTwitterImageId`) REFERENCES `craft_assetfiles` (`id`) ON DELETE SET NULL;

--
-- Constraints for table `craft_sessions`
--
ALTER TABLE `craft_sessions`
	ADD CONSTRAINT `craft_sessions_userId_fk` FOREIGN KEY (`userId`) REFERENCES `craft_users` (`id`) ON DELETE CASCADE;

--
-- Constraints for table `craft_shunnedmessages`
--
ALTER TABLE `craft_shunnedmessages`
	ADD CONSTRAINT `craft_shunnedmessages_userId_fk` FOREIGN KEY (`userId`) REFERENCES `craft_users` (`id`) ON DELETE CASCADE;

--
-- Constraints for table `craft_structureelements`
--
ALTER TABLE `craft_structureelements`
	ADD CONSTRAINT `craft_structureelements_elementId_fk` FOREIGN KEY (`elementId`) REFERENCES `craft_elements` (`id`) ON DELETE CASCADE,
	ADD CONSTRAINT `craft_structureelements_structureId_fk` FOREIGN KEY (`structureId`) REFERENCES `craft_structures` (`id`) ON DELETE CASCADE;

--
-- Constraints for table `craft_supertableblocks`
--
ALTER TABLE `craft_supertableblocks`
	ADD CONSTRAINT `craft_supertableblocks_fieldId_fk` FOREIGN KEY (`fieldId`) REFERENCES `craft_fields` (`id`) ON DELETE CASCADE,
	ADD CONSTRAINT `craft_supertableblocks_id_fk` FOREIGN KEY (`id`) REFERENCES `craft_elements` (`id`) ON DELETE CASCADE,
	ADD CONSTRAINT `craft_supertableblocks_ownerId_fk` FOREIGN KEY (`ownerId`) REFERENCES `craft_elements` (`id`) ON DELETE CASCADE,
	ADD CONSTRAINT `craft_supertableblocks_ownerLocale_fk` FOREIGN KEY (`ownerLocale`) REFERENCES `craft_locales` (`locale`) ON DELETE CASCADE ON UPDATE CASCADE,
	ADD CONSTRAINT `craft_supertableblocks_typeId_fk` FOREIGN KEY (`typeId`) REFERENCES `craft_supertableblocktypes` (`id`) ON DELETE CASCADE;

--
-- Constraints for table `craft_supertableblocktypes`
--
ALTER TABLE `craft_supertableblocktypes`
	ADD CONSTRAINT `craft_supertableblocktypes_fieldId_fk` FOREIGN KEY (`fieldId`) REFERENCES `craft_fields` (`id`) ON DELETE CASCADE,
	ADD CONSTRAINT `craft_supertableblocktypes_fieldLayoutId_fk` FOREIGN KEY (`fieldLayoutId`) REFERENCES `craft_fieldlayouts` (`id`) ON DELETE SET NULL;

--
-- Constraints for table `craft_supertablecontent_mediapicker`
--
ALTER TABLE `craft_supertablecontent_mediapicker`
	ADD CONSTRAINT `craft_supertablecontent_mediapicker_elementId_fk` FOREIGN KEY (`elementId`) REFERENCES `craft_elements` (`id`) ON DELETE CASCADE,
	ADD CONSTRAINT `craft_supertablecontent_mediapicker_locale_fk` FOREIGN KEY (`locale`) REFERENCES `craft_locales` (`locale`) ON DELETE CASCADE ON UPDATE CASCADE;

--
-- Constraints for table `craft_supertablecontent_mediapickerwlink`
--
ALTER TABLE `craft_supertablecontent_mediapickerwlink`
	ADD CONSTRAINT `craft_supertablecontent_mediapickerwlink_elementId_fk` FOREIGN KEY (`elementId`) REFERENCES `craft_elements` (`id`) ON DELETE CASCADE,
	ADD CONSTRAINT `craft_supertablecontent_mediapickerwlink_locale_fk` FOREIGN KEY (`locale`) REFERENCES `craft_locales` (`locale`) ON DELETE CASCADE ON UPDATE CASCADE;

--
-- Constraints for table `craft_supertablecontent_news4uppicker`
--
ALTER TABLE `craft_supertablecontent_news4uppicker`
	ADD CONSTRAINT `craft_supertablecontent_news4uppicker_elementId_fk` FOREIGN KEY (`elementId`) REFERENCES `craft_elements` (`id`) ON DELETE CASCADE,
	ADD CONSTRAINT `craft_supertablecontent_news4uppicker_locale_fk` FOREIGN KEY (`locale`) REFERENCES `craft_locales` (`locale`) ON DELETE CASCADE ON UPDATE CASCADE;

--
-- Constraints for table `craft_taggroups`
--
ALTER TABLE `craft_taggroups`
	ADD CONSTRAINT `craft_taggroups_fieldLayoutId_fk` FOREIGN KEY (`fieldLayoutId`) REFERENCES `craft_fieldlayouts` (`id`) ON DELETE SET NULL;

--
-- Constraints for table `craft_tags`
--
ALTER TABLE `craft_tags`
	ADD CONSTRAINT `craft_tags_groupId_fk` FOREIGN KEY (`groupId`) REFERENCES `craft_taggroups` (`id`) ON DELETE CASCADE,
	ADD CONSTRAINT `craft_tags_id_fk` FOREIGN KEY (`id`) REFERENCES `craft_elements` (`id`) ON DELETE CASCADE;

--
-- Constraints for table `craft_templatecachecriteria`
--
ALTER TABLE `craft_templatecachecriteria`
	ADD CONSTRAINT `craft_templatecachecriteria_cacheId_fk` FOREIGN KEY (`cacheId`) REFERENCES `craft_templatecaches` (`id`) ON DELETE CASCADE;

--
-- Constraints for table `craft_templatecacheelements`
--
ALTER TABLE `craft_templatecacheelements`
	ADD CONSTRAINT `craft_templatecacheelements_cacheId_fk` FOREIGN KEY (`cacheId`) REFERENCES `craft_templatecaches` (`id`) ON DELETE CASCADE,
	ADD CONSTRAINT `craft_templatecacheelements_elementId_fk` FOREIGN KEY (`elementId`) REFERENCES `craft_elements` (`id`) ON DELETE CASCADE;

--
-- Constraints for table `craft_templatecaches`
--
ALTER TABLE `craft_templatecaches`
	ADD CONSTRAINT `craft_templatecaches_locale_fk` FOREIGN KEY (`locale`) REFERENCES `craft_locales` (`locale`) ON DELETE CASCADE ON UPDATE CASCADE;

--
-- Constraints for table `craft_usergroups_users`
--
ALTER TABLE `craft_usergroups_users`
	ADD CONSTRAINT `craft_usergroups_users_groupId_fk` FOREIGN KEY (`groupId`) REFERENCES `craft_usergroups` (`id`) ON DELETE CASCADE,
	ADD CONSTRAINT `craft_usergroups_users_userId_fk` FOREIGN KEY (`userId`) REFERENCES `craft_users` (`id`) ON DELETE CASCADE;

--
-- Constraints for table `craft_userpermissions_usergroups`
--
ALTER TABLE `craft_userpermissions_usergroups`
	ADD CONSTRAINT `craft_userpermissions_usergroups_groupId_fk` FOREIGN KEY (`groupId`) REFERENCES `craft_usergroups` (`id`) ON DELETE CASCADE,
	ADD CONSTRAINT `craft_userpermissions_usergroups_permissionId_fk` FOREIGN KEY (`permissionId`) REFERENCES `craft_userpermissions` (`id`) ON DELETE CASCADE;

--
-- Constraints for table `craft_userpermissions_users`
--
ALTER TABLE `craft_userpermissions_users`
	ADD CONSTRAINT `craft_userpermissions_users_permissionId_fk` FOREIGN KEY (`permissionId`) REFERENCES `craft_userpermissions` (`id`) ON DELETE CASCADE,
	ADD CONSTRAINT `craft_userpermissions_users_userId_fk` FOREIGN KEY (`userId`) REFERENCES `craft_users` (`id`) ON DELETE CASCADE;

--
-- Constraints for table `craft_users`
--
ALTER TABLE `craft_users`
	ADD CONSTRAINT `craft_users_id_fk` FOREIGN KEY (`id`) REFERENCES `craft_elements` (`id`) ON DELETE CASCADE,
	ADD CONSTRAINT `craft_users_preferredLocale_fk` FOREIGN KEY (`preferredLocale`) REFERENCES `craft_locales` (`locale`) ON DELETE SET NULL ON UPDATE CASCADE;

--
-- Constraints for table `craft_widgets`
--
ALTER TABLE `craft_widgets`
	ADD CONSTRAINT `craft_widgets_userId_fk` FOREIGN KEY (`userId`) REFERENCES `craft_users` (`id`) ON DELETE CASCADE;

SET FOREIGN_KEY_CHECKS = 1;
